{"kgrid":[3,5,1],"mixing":"HybridMixing(0.5, 1, 1.0, identity, true, false)","temperature":0.001,"Ecut":20,"lattice":[[16.317403238715276,0.0,0.0],[0.0,10.3529207220839,0.0],[0.0,0.0,129.73402801823383]],"n_electr":728,"n_bands":384,"diag_lattice":[16.317403238715276,10.3529207220839,129.73402801823383],"α":0.5,"energies":[-1208.8109701997037,-1212.0221940345486,-1212.3700862523751,-1212.4235844105033,-1212.4277301597488,-1212.429196596206,-1212.42944301817,-1212.429452454134,-1212.4294540225242,-1212.429454253331,-1212.429454355649,-1212.4294543727872,-1212.4294543752615,-1212.4294543755957,-1212.4294543755846,-1212.429454375671,-1212.4294543756616,-1212.4294543756616],"smearing":"DFTK.Smearing.Gaussian()","fft_size":[54,36,400],"n_kirred":15}