{"kgrid":[3,5,1],"mixing":"HybridMixing(0.529, 1, 1.0, identity, true, false)","temperature":0.001,"Ecut":20,"lattice":[[16.317403238715276,0.0,0.0],[0.0,10.3529207220839,0.0],[0.0,0.0,129.73402801823383]],"n_electr":728,"n_bands":384,"diag_lattice":[16.317403238715276,10.3529207220839,129.73402801823383],"α":0.529,"energies":[-1208.811256960802,-1212.0213232653919,-1212.3577909233793,-1212.423386940849,-1212.427761175276,-1212.4291972690908,-1212.4294438201496,-1212.4294524851493,-1212.4294540488909,-1212.429454265606,-1212.4294543577344,-1212.4294543734902,-1212.4294543753451,-1212.4294543755725,-1212.4294543756635,-1212.429454375634,-1212.4294543756134,-1212.4294543756425,-1212.4294543756662,-1212.429454375692,-1212.4294543756632,-1212.429454375654,-1212.429454375654],"smearing":"DFTK.Smearing.Gaussian()","fft_size":[54,36,400],"n_kirred":15}