{"kgrid":[3,5,1],"mixing":"HybridMixing(0.918, 14, 1.0, identity, true, false)","temperature":0.001,"Ecut":20,"lattice":[[16.317403238715276,0.0,0.0],[0.0,10.3529207220839,0.0],[0.0,0.0,129.73402801823383]],"n_electr":728,"n_bands":384,"diag_lattice":[16.317403238715276,10.3529207220839,129.73402801823383],"α":0.918,"energies":[-1208.811113669016,-1211.6164654330369,-1212.2304435192875,-1212.424650355954,-1212.4283513951752,-1212.4291414782228,-1212.4293329301777,-1212.4294095576654,-1212.4294302880633,-1212.4294457008493,-1212.4294508049472,-1212.4294529647113,-1212.4294538552133,-1212.4294542462017,-1212.429454342181,-1212.4294543691183,-1212.4294543736673,-1212.4294543750204,-1212.4294543754936,-1212.4294543756073,-1212.429454375628,-1212.4294543756444,-1212.4294543756905,-1212.4294543756594,-1212.4294543756532,-1212.4294543756532],"smearing":"DFTK.Smearing.Gaussian()","fft_size":[54,36,400],"n_kirred":15}