{"residual_norms":[0.016147894307832828,0.06623912510916027,0.13262545731395683,0.13724827581145668,0.15140295222377698,0.13894234036920694,0.04535378953532814,0.1922068230128927,0.13684329831623257,0.04098840702429211,0.05824728136771868,0.03788281094536124,0.017996254699253818],"eigenvalues":[0.19571897712424965,0.25330080798776766,0.4235379752028456,0.5446204795655711,0.6993275403064506,0.8735107222741066,0.9827031363194905,1.079201435395284,1.2127472319917967,1.6366072839500017,1.8634599633817936,1.940598514194254,1.9836671753860142],"condition_number":10.135282763749112,"optimal_damping":0.918}