{"residual_norms":[0.022338288865351084,0.097571800378439,0.11216222736688575,0.14533218346317467,0.10617572010649332,0.19075969077794458,0.2348802561691949,0.2348802561691949,0.15038139177250234,0.27939210529150055,0.268425004679287,0.17588131519509217,0.21464605621538244,0.19588092149997685,0.11229364567967026,0.13477218979363145,0.06577306454842931,0.025339444028787503],"eigenvalues":[0.5933025928327625,0.6433350569872901,0.7359488190399125,0.8072607376746503,0.9869561862437741,1.0261228357222123,1.302276610475045,1.302276610475045,1.55374877786152,1.8375836045550535,2.1051976853657264,2.375515358292401,2.6069729572291487,2.71996525330099,2.9356113822025027,3.049771182277298,3.1536323214792192,3.189221446318245],"condition_number":5.375370822316983,"optimal_damping":0.529}