{"kgrid":[3,5,1],"mixing":"KerkerMixing(0.988, 1.0)","temperature":0.001,"Ecut":20,"lattice":[[16.317403238715276,0.0,0.0],[0.0,10.3529207220839,0.0],[0.0,0.0,129.73402801823383]],"n_electr":728,"n_bands":384,"diag_lattice":[16.317403238715276,10.3529207220839,129.73402801823383],"α":0.988,"energies":[-1208.8110463893827,-1211.2028876590575,-1212.0971276290388,-1212.3966818535796,-1212.405226696703,-1212.410383178,-1212.4147453946864,-1212.4179677146146,-1212.419965023132,-1212.4217515858927,-1212.4232196309174,-1212.4243621888486,-1212.4254082197724,-1212.4263696642067,-1212.4271197457954,-1212.4275625444134,-1212.4280044284735,-1212.428482653615,-1212.4287167709986,-1212.4289298772505,-1212.4290617955025,-1212.4291393352555,-1212.4291858477397,-1212.4292162594038,-1212.4292397208283,-1212.4292640512108,-1212.4292820679686,-1212.4292982130992,-1212.429323566148,-1212.4293455364623,-1212.4293645965208,-1212.4293898653377,-1212.4294169076022,-1212.4294411420574,-1212.4294493664834,-1212.42945228855,-1212.429453204089,-1212.4294536814202,-1212.4294539200716,-1212.4294541811578,-1212.4294543004248,-1212.4294543490748,-1212.4294543640426,-1212.4294543712206,-1212.4294543709384,-1212.4294543722,-1212.4294543721862,-1212.4294543727347,-1212.4294543732192,-1212.4294543742494,-1212.4294543742494],"smearing":"DFTK.Smearing.Gaussian()","fft_size":[54,36,400],"n_kirred":15}