{"residual_norms":[0.00014638384959071463,0.000648455864974018,0.0028700890972376586,0.009867812935732403,0.018211428317182178,0.040997484797130015,0.05221351632733721,0.06112043417659248,0.07644273977578352,0.08429051497963656,0.07738550586686146,0.11535565145188661,0.09119051859125213,0.0893817611044799,0.080426503447063,0.03130383848498647,0.08867810103348309,0.07470421782196358,0.06032438193101502,0.019157294063104225,0.017588543867138724,0.03554621203680306,0.04742738024365494,0.050381791247231335,0.04803230649592369,0.01822213022564924,0.011464832135774039,0.0025541234647429166],"eigenvalues":[0.012625757723419943,0.03278192709138614,0.07431435240517226,0.11744283561779562,0.1749940973226551,0.23071511234598968,0.29712051479676255,0.36795375010484155,0.45253823370689544,0.5208707034187712,0.640969788509809,0.700722031623929,0.7784424271429009,0.8447745732734675,0.9474759413950594,0.9909846540255187,1.0841783004170262,1.1160411046421947,1.1663629024648854,1.2205689893712715,1.8252871020672243,1.8533915405970407,1.886943998327717,1.9112803062308275,1.944481057773532,1.957994780766459,1.9949637333825225,2.012276435110368],"condition_number":159.37866694350777,"optimal_damping":0.988}