{"kgrid":[3,5,1],"mixing":"SimpleMixing(0.00631)","temperature":0.001,"Ecut":20,"lattice":[[16.317403238715276,0.0,0.0],[0.0,10.3529207220839,0.0],[0.0,0.0,129.73402801823383]],"n_electr":728,"n_bands":384,"diag_lattice":[16.317403238715276,10.3529207220839,129.73402801823383],"α":0.00631,"energies":[-1208.8112347320273,-1210.2410965129377,-927.4124026528712,599.4942351584801,-1153.420073954136,-1173.4656283070728,-1200.2843782876175,-1204.5039749617815,-524.8252095581403,-1198.1239291948696,-989.9114481522532,808.755016214729,406.4368370435965,252.95422108723017,-483.1564117543156,-608.5715072002066,93.17074818337682,-350.7572689766715,-471.58552749354044,-1084.7535542597761,-1165.851388056051,-1206.00682504263,-1209.3665429208804,-1211.8802263909656,-1211.9393293115108,-1212.0256980446604,-1212.0125421407654,-1212.2851727459217,-1212.3368564650934,-1212.3160841732713,-1212.257781237512,-1212.3038217613648,-1212.3391907948953,-1212.345925725416,-1212.4037597237743,-1212.4087997695858,-1212.4241501198067,-1212.4223034386762,-1212.422917225455,-1212.426099875349,-1212.4249398489876,-1212.4256319669455,-1212.4200441496978,-1212.42508539084,-1212.4287204878815,-1212.4283867013798,-1212.4286274722936,-1212.4288831992096,-1212.4290176862205,-1212.4290841221639,-1212.4290841221639],"smearing":"DFTK.Smearing.Gaussian()","fft_size":[54,36,400],"n_kirred":15}