{"residual_norms":[0.02146216472210705,0.9505541951974549,1.1867079813473085,1.5835270008862563,2.975964959806172,3.853511272889176,0.12063413127572746,0.009516339772122573,4.110419979364404e-5,5.8890108501240284e-8,1.6466355154044076e-11],"eigenvalues":[0.998130016348265,1.6290255778435763,3.176501336919063,6.836094688156293,13.09059422609419,16.97181159747657,25.410571408658523,40.59482739686163,64.15231999966768,159.66870051526385,316.0461011135293],"condition_number":316.6382093886006,"optimal_damping":0.00631}