{"residual_norms":[0.008617944151504424,0.10112835772818231,0.16145983875276293,0.15891706580008816,0.14380847083331524,0.03689586598534978,0.191405207282939,0.1933163330716846,0.06221086572513307,0.09281256460627393,0.0014389424412673307,9.20797311717633e-6,4.821123008067918e-7,1.5900933138119033e-13,1.3134776844771988e-14],"eigenvalues":[0.1976783330660393,0.33749525663442004,0.5260743082895157,0.7466693278667363,0.9225081201693032,0.989946545713498,1.2883795230910855,1.7347373555644754,1.9677885637924586,2.1988724443888454,2.6887358609190475,3.7559279854460104,5.448767818401895,12.251043444157576,23.406286241265903],"condition_number":118.40592683188227,"optimal_damping":0.0847}