{"kgrid":[3,5,1],"mixing":"RestaMixing(0.0847, 14, 1.0)","temperature":0.001,"Ecut":20,"lattice":[[16.317403238715276,0.0,0.0],[0.0,10.3529207220839,0.0],[0.0,0.0,129.73402801823383]],"n_electr":728,"n_bands":384,"diag_lattice":[16.317403238715276,10.3529207220839,129.73402801823383],"α":0.0847,"energies":[-1208.81128368983,-1210.748447088873,-1188.5520793051357,-113.76556603872645,1582.2354474554545,-143.48861571716867,-1207.7290354420604,-1210.6741888600623,-1211.3790614800298,-1212.0051042013342,-1212.3651496145117,-1212.3938217909952,-1212.4025887581756,-1212.395732192809,-1212.4004169777895,-1212.4242539163934,-1212.4206637815737,-1212.4136638844693,-1212.424978524503,-1212.4276668245545,-1212.4286808620673,-1212.4289548675447,-1212.4292956182421,-1212.4293927933954,-1212.4292490571922,-1212.4292879159773,-1212.4294289678244,-1212.4294337187905,-1212.4294275157083,-1212.4294395437953,-1212.429437856352,-1212.4294497283008,-1212.429452897846,-1212.4294526736883,-1212.4294526693002,-1212.4294537346177,-1212.4294534558987,-1212.4294537840324,-1212.4294533195834,-1212.4294535389724,-1212.4294541645293,-1212.4294541397992,-1212.4294543372152,-1212.4294542733562,-1212.4294543631677,-1212.4294543413175,-1212.4294543574738,-1212.429454373484,-1212.429454370212,-1212.4294543594588,-1212.4294543594588],"smearing":"DFTK.Smearing.Gaussian()","fft_size":[54,36,400],"n_kirred":15}