{"kgrid":[6,6,1],"mixing":"KerkerMixing(1.84, 1.0)","temperature":0.001,"Ecut":20,"lattice":[[7.653390808104204,0.0,0.0],[0.0,7.653390808104204,0.0],[0.0,0.0,68.88051727293781]],"n_electr":60,"n_bands":36,"diag_lattice":[7.653390808104204,7.653390808104204,68.88051727293781],"α":1.84,"energies":[-40.81862707828405,-41.27682710969202,-41.31250877867403,-41.40520370271982,-41.4008608695384,-41.40442613416403,-41.40373193862644,-41.40548992568389,-41.40609454739072,-41.40650942399165,-41.40678907784884,-41.40704874255405,-41.40713453104917,-41.40718581261542,-41.40735399488499,-41.40762841204216,-41.40765246050764,-41.40768641060597,-41.40768629165896,-41.407686603590484,-41.40768661127059,-41.407686617750954,-41.40768661779212,-41.407686617793374,-41.407686617793374],"smearing":"DFTK.Smearing.Gaussian()","fft_size":[25,25,216],"n_kirred":10}