{"kgrid":[6,6,1],"mixing":"KerkerMixing(1.84, 1.0)","temperature":0.001,"Ecut":20,"lattice":[[7.653390808104204,0.0,0.0],[0.0,7.653390808104204,0.0],[0.0,0.0,68.88051727293781]],"n_electr":60,"n_bands":36,"diag_lattice":[7.653390808104204,7.653390808104204,68.88051727293781],"α":1.84,"energies":[-40.81691152398767,-41.27481585284791,-41.31142546339874,-41.40521022440061,-41.40089923002099,-41.40443048367597,-41.40373398543323,-41.40540466439907,-41.405961621728935,-41.406375442685466,-41.40675827410066,-41.40697484557109,-41.40710749140057,-41.40716766951902,-41.407235363748086,-41.40731833202182,-41.407534075039685,-41.40763008621261,-41.407669045918915,-41.407684567714185,-41.40768600620735,-41.40768657591964,-41.407686564443175,-41.40768661711993,-41.40768661582987,-41.40768661599262,-41.4076866155607,-41.40768661555821,-41.40768661555821],"smearing":"DFTK.Smearing.Gaussian()","fft_size":[25,25,216],"n_kirred":10}