{"kgrid":[6,6,1],"mixing":"KerkerMixing(1.84, 1.0)","temperature":0.001,"Ecut":20,"lattice":[[7.653390808104204,0.0,0.0],[0.0,7.653390808104204,0.0],[0.0,0.0,68.88051727293781]],"n_electr":60,"n_bands":36,"diag_lattice":[7.653390808104204,7.653390808104204,68.88051727293781],"α":1.84,"energies":[-40.816152533858194,-41.273927463572264,-41.03744592793668,-41.20335583243086,-41.01620429224803,-41.10240304767315,-40.91014662599532,-40.939513916088444,-40.70568870879454,-40.66191743015839,-40.35089633936216,-40.224731999461184,-39.815199089447084,-39.6148360617704,-39.10509089029228,-38.87048882450609,-38.302852568024605,-38.081079325893484,-37.50712322789357,-37.13231887809503,-36.116496090803906,-35.55392002423934,-33.9991961931022,-32.86868295282337,-30.73778385650538,-27.531262957433565,-21.83878910743958,-12.670354491467693,1.8940983042573933,21.565438277959046,50.422366134184166,85.97214803041062,131.15648986134954,152.97223114656205,175.3349181494868,187.92048720377267,198.93116231237937,195.86350007797358,201.05096607044024,198.89693822558638,202.2894442271083,201.401859125315,205.4782770330882,204.9449223673575,210.3508727784919,211.47802779282483,217.35390851146843,217.75187523714462,220.58169230396845,219.09600243019557,221.33263805993533,219.397806583354,221.06803587423485,219.60555822546067,221.22092166180835,219.62055428488725,221.12475054218726,219.68768185006473,221.13705209903168,219.70920906036307,221.0893181399515,219.75793647869122,221.08712137093093,219.78315547243557,221.05981483606976,219.8194171217791,221.04962614937756,219.84321004457104,221.03156109050386,219.87140570397386,221.01864125978452,219.89408709816172,221.00504504069806,219.91481556873873,220.9930477993362,219.9331969834342,220.98099976282452,219.9528218446268,220.96932106009652,219.97033459692162,220.96009899702847,219.98571857291068,220.95067845030403,220.0017387722479,220.94220947550068,220.01559845436026,220.93538026219696,220.02896097787794,220.92765609252893,220.04128775406036,220.92004529017441,220.05324422910456,220.91451365331207,220.0633216022263,220.90620830519228,220.07332500734702,220.90184648277344,220.08188974792355,220.89459231273466,220.08934773656088,220.08934773656088],"smearing":"DFTK.Smearing.Gaussian()","fft_size":[25,25,216],"n_kirred":10}