{"kgrid":[3,3,1],"mixing":"SimpleMixing(0.106)","temperature":0.001,"Ecut":20,"lattice":[[7.653390808104204,0.0,0.0],[0.0,7.653390808104204,0.0],[0.0,0.0,22.96017242431261]],"n_electr":36,"n_bands":23,"diag_lattice":[7.653390808104204,7.653390808104204,22.96017242431261],"α":0.106,"energies":[-24.879432273273242,-24.880412627239274,-24.881055275807324,-24.88152698492787,-24.881895717722298,-24.882200221062835,-24.882464005657802,-24.882701463301224,-24.882920654862687,-24.88312504355656,-24.883314799575793,-24.88348817332466,-24.88364269671331,-24.883776340999827,-24.883888300815595,-24.883979372498043,-24.884051790033507,-24.88410867661793,-24.884153369662364,-24.88418884109488,-24.88421742440757,-24.884240802055935,-24.884260091789525,-24.884276060857324,-24.884289258633913,-24.884300118772106,-24.884308997000012,-24.88431620659922,-24.88432202495476,-24.88432669772606,-24.884330437580978,-24.884333424956736,-24.884335808763286,-24.884337710495522,-24.884339227391198,-24.88434043768744,-24.884341403514057,-24.884342174685745,-24.884342790618113,-24.8843432827519,-24.88434367605607,-24.884343990557113,-24.88434424231155,-24.884344444315076,-24.884344606791984,-24.8843447377228,-24.884344843288588,-24.884344928347584,-24.88434499685804,-24.88434505201311,-24.88434509634319,-24.884345132146713,-24.884345161106104,-24.884345184385356,-24.884345203215993,-24.884345218416794,-24.884345230708856,-24.884345240650056,-24.884345248694967,-24.884345255206252,-24.884345260478476,-24.884345264748195,-24.88434526820695,-24.884345271009316,-24.88434527328029,-24.88434527512096,-24.88434527661306,-24.884345277822806,-24.88434527880371,-24.884345279599195,-24.884345280244332,-24.88434528076761,-24.884345281192072,-24.88434528153643,-24.884345281815772,-24.88434528204242,-24.884345282226324,-24.88434528237555,-24.884345282496636,-24.88434528259488,-24.88434528267462,-24.884345282739325,-24.88434528279181,-24.884345282834417,-24.884345282868995,-24.884345282897044,-24.884345282919814,-24.88434528293831,-24.88434528295329,-24.884345282965437,-24.884345282975318,-24.884345282975318],"smearing":"DFTK.Smearing.Gaussian()","fft_size":[25,25,72],"n_kirred":9}