{"kgrid":[3,3,1],"mixing":"SimpleMixing(0.106)","temperature":0.001,"Ecut":20,"lattice":[[7.653390808104204,0.0,0.0],[0.0,7.653390808104204,0.0],[0.0,0.0,22.96017242431261]],"n_electr":36,"n_bands":23,"diag_lattice":[7.653390808104204,7.653390808104204,22.96017242431261],"α":0.106,"energies":[-24.879432293368176,-24.880412628600094,-24.876916783204432,-24.882993927634374,-24.882225652534377,-24.88107932864946,-24.884132892407596,-24.884225150595555,-24.88425195487708,-24.884341016652353,-24.884338159927115,-24.88433491177014,-24.884344877793463,-24.88434527289677,-24.88434527975533,-24.88434528198399,-24.884345283014138,-24.884345283007214,-24.884345283007214],"smearing":"DFTK.Smearing.Gaussian()","fft_size":[25,25,72],"n_kirred":9}