{"kgrid":[3,3,1],"mixing":"SimpleMixing(0.106)","temperature":0.001,"Ecut":20,"lattice":[[7.653390808104204,0.0,0.0],[0.0,7.653390808104204,0.0],[0.0,0.0,22.96017242431261]],"n_electr":36,"n_bands":23,"diag_lattice":[7.653390808104204,7.653390808104204,22.96017242431261],"α":0.106,"energies":[-24.879432285517407,-24.880412624401117,-24.876916631263114,-24.88299386307743,-24.882225526117534,-24.881078755481163,-24.884132836190723,-24.884269160322614,-24.884336885503732,-24.8843435361591,-24.884339472447728,-24.88434499117542,-24.88434513104955,-24.88434506868248,-24.884345183358132,-24.884345211274667,-24.884345230659903,-24.884345243528347,-24.88434528130646,-24.884345279192953,-24.884345281740412,-24.884345282816735,-24.88434528225084,-24.88434528281219,-24.88434528285266,-24.8843452829759,-24.884345283004173,-24.884345283013175,-24.884345283013175],"smearing":"DFTK.Smearing.Gaussian()","fft_size":[25,25,72],"n_kirred":9}