{"kgrid":[3,5,1],"mixing":"HybridMixing(0.93, 14, 1.0, var\"#1522#1530\"{Int64,var\"#periodise#1529\"}(30, var\"#periodise#1529\"(), Core.Box(0.978564065186412), Core.Box(1.5214359348301278)), true, false)","temperature":0.0,"Ecut":20,"lattice":[[16.317403238715276,0.0,0.0],[0.0,10.3529207220839,0.0],[0.0,0.0,97.8541881891035]],"n_electr":488,"n_bands":260,"diag_lattice":[16.317403238715276,10.3529207220839,97.8541881891035],"α":0.93,"energies":[-1046.1707996890993,-1047.0530560902766,-1047.740306805144,-1047.93815514156,-1047.9396631946036,-1047.9401589710906,-1047.9404377408705,-1047.9405772128546,-1047.940643716514,-1047.9406727005528,-1047.9406809805237,-1047.9406829756713,-1047.9406838158231,-1047.9406841226296,-1047.9406843339304,-1047.940684553372,-1047.940684650979,-1047.9406847065757,-1047.940684733639,-1047.940684740987,-1047.9406847435616,-1047.9406847445698,-1047.9406847448663,-1047.9406847448317,-1047.9406847448317],"smearing":"DFTK.Smearing.None()","fft_size":[54,36,300],"n_kirred":15}