{"residual_norms":[0.00019350866804605058,0.0011950220055924445,0.006250083107032013,0.054974675865802805,0.0806850504864345,0.06906424020446585,0.08347611774441609,0.09750700234427652,0.12680113546594435,0.12400061350280302,0.11409554601710348,0.11913286449956736,0.08902458076789889,0.12707160118687577,0.13918469620098606,0.05988347277728514,0.05032170297556541,0.018218010738296365,0.025374717612178795,0.02532125114357124,0.016436248874229047,0.012556425238735435,0.01232342747256019,0.007027355559953171],"eigenvalues":[0.10800157672852026,0.19139297010500825,0.23226799409967586,0.2690672132406353,0.3533622662956454,0.3911700816922552,0.4950649858608078,0.5953072006358372,0.6838058098579017,0.7685456024215254,0.8763461031462403,0.9522091160819438,0.9948727929179171,1.0314857227587184,1.087371817572931,1.2172932537858105,1.2348913864425675,1.8432629218035876,1.8698102588551346,1.9055694873901738,1.955089285809263,1.9876469874321518,2.010860599444105,2.0424395235372566],"condition_number":18.91120097877149,"optimal_damping":0.93}