{"kgrid":[3,5,1],"mixing":"HybridMixing(0.5, 14, 1.0, var\"#326#334\"{Int64,var\"#periodise#333\"}(30, var\"#periodise#333\"(), Core.Box(0.978564065186412), Core.Box(1.5214359348301278)), true, false)","temperature":0.0,"Ecut":20,"lattice":[[16.317403238715276,0.0,0.0],[0.0,10.3529207220839,0.0],[0.0,0.0,97.8541881891035]],"n_electr":488,"n_bands":260,"diag_lattice":[16.317403238715276,10.3529207220839,97.8541881891035],"α":0.5,"energies":[-1046.1707939435062,-1047.8691848639967,-1047.9270068709982,-1047.9379603589266,-1047.9392969699143,-1047.9399234318066,-1047.9403692891294,-1047.9405568890786,-1047.9406332514377,-1047.9406580127584,-1047.9406789885902,-1047.9406824289517,-1047.940683441358,-1047.9406838307686,-1047.94068416471,-1047.9406844349178,-1047.9406845645874,-1047.9406846650213,-1047.9406847129724,-1047.9406847360078,-1047.9406847416144,-1047.9406847440498,-1047.940684744638,-1047.9406847447879,-1047.9406847447583,-1047.9406847449009,-1047.9406847449138,-1047.940684744886,-1047.9406847449318,-1047.940684744888,-1047.9406847449004,-1047.9406847449443,-1047.9406847449122,-1047.940684744916,-1047.940684744916],"smearing":"DFTK.Smearing.None()","fft_size":[54,36,300],"n_kirred":15}