{"residual_norms":[0.021911770684514182,0.032306821753239914,0.03366903286695757,0.009366214051429934,0.06781276653195764,0.087435410515668,0.07279933007040948,0.11779283800062323,0.08914795793378727,0.08466841017635633,0.17284813354378445,0.17067680753706055,0.15979480900600773,0.17536094477529882,0.10698000411135064,0.2206884859751218,0.12242217479512768,0.17006993977131102,0.14801703984237946,0.07065617350213928,0.12084563009858425,0.08375615277935633,0.055490513741996345,0.06165854913796158,0.01863640734185953,0.023743789933585866,0.014156787535566956,0.0026458439433164555,0.008000655682627221],"eigenvalues":[0.9499648037239978,0.9672325896650442,0.9866935298698197,0.9998305859027116,1.0343965590787423,1.0941109683375347,1.1661856156659587,1.2372527889270866,1.3389572689871596,1.443557670959345,1.540793424259358,1.6337502372369632,1.756348023985341,1.9033987686555258,2.0095979436689237,2.0960394445329786,2.292497769205571,2.384914846117166,2.4643335899256864,2.6349610569904436,2.6927575496155076,2.8144239594328346,2.902832684414694,2.963727074317259,3.0408669333796183,3.1106589511930283,3.156376130596085,3.184742143725258,3.2037707777496394],"condition_number":3.372515239712461,"optimal_damping":0.481}