{"residual_norms":[0.0016255893261024764,0.007544387203073424,0.01270631346075216,0.0314738257379118,0.07547979373185602,0.06869498893776076,0.10003866149099938,0.10961225184412073,0.11985796521503499,0.13316991400264153,0.12581788148830678,0.12467422738263376,0.13939292461281194,0.12777154419910908,0.14070084687529288,0.2177134884092865,0.03884981546308739,0.0845329175544216,0.01661781167419089,0.023419842891255167,0.03896953485552629,0.023933402917550934,0.03780798897664334,0.0052751182017818825,0.01387239974405938],"eigenvalues":[0.0920001042836968,0.12482785128880997,0.1485310751069384,0.1902711244238573,0.26265835566650253,0.33938333290445594,0.4102730624468072,0.4892718478502355,0.5953823820097977,0.6791371655486655,0.7756088724345147,0.8715020119962438,0.952178703370895,0.9899557323047287,1.0072833671286014,1.090271478902761,1.20857721207591,1.2251255260732465,1.8118464346902872,1.8589967193258976,1.879604333767773,1.9317050856856224,1.9555044204650327,1.9837031572961872,1.9966379304017499],"condition_number":21.702561599765176,"optimal_damping":0.958}