{"kgrid":[3,5,1],"mixing":"HybridMixing(0.958, 14, 1.0, identity, true, false)","temperature":0.0,"Ecut":20,"lattice":[[16.317403238715276,0.0,0.0],[0.0,10.3529207220839,0.0],[0.0,0.0,97.8541881891035]],"n_electr":488,"n_bands":260,"diag_lattice":[16.317403238715276,10.3529207220839,97.8541881891035],"α":0.958,"energies":[-1046.170776246318,-1046.9356797255748,-1047.7127207709461,-1047.9373450714918,-1047.9390752206205,-1047.9396193698124,-1047.940053742231,-1047.940325537357,-1047.9404725373229,-1047.940592768607,-1047.9406448216234,-1047.9406654211023,-1047.9406781753808,-1047.9406820441986,-1047.9406833224257,-1047.9406841810471,-1047.9406844985353,-1047.9406846216925,-1047.9406846801774,-1047.9406847155683,-1047.9406847278767,-1047.9406847374846,-1047.940684740781,-1047.9406847426387,-1047.9406847435603,-1047.9406847441464,-1047.9406847445118,-1047.9406847445994,-1047.9406847446833,-1047.940684744769,-1047.9406847449195,-1047.9406847448527,-1047.9406847448772,-1047.9406847448772],"smearing":"DFTK.Smearing.None()","fft_size":[54,36,300],"n_kirred":15}