{"kgrid":[3,5,1],"mixing":"HybridMixing(0.481, 1, 1.0, identity, true, false)","temperature":0.0,"Ecut":20,"lattice":[[16.317403238715276,0.0,0.0],[0.0,10.3529207220839,0.0],[0.0,0.0,97.8541881891035]],"n_electr":488,"n_bands":260,"diag_lattice":[16.317403238715276,10.3529207220839,97.8541881891035],"α":0.481,"energies":[-1046.170790783914,-1047.8367474705697,-1047.9086064154221,-1047.936733940572,-1047.9404359493067,-1047.9406701625858,-1047.940683367842,-1047.9406845763017,-1047.9406847320602,-1047.940684743739,-1047.9406847446,-1047.9406847447626,-1047.9406847447626,-1047.9406847447626],"smearing":"DFTK.Smearing.None()","fft_size":[54,36,300],"n_kirred":15}