{"residual_norms":[6.132762494167598e-5,7.554542812530888e-6,8.05444431994331e-5,0.00032522139615296053,0.007384907470961125,0.0006248195477867154,0.0013375991249789901,0.06952576276579583,0.014873353194797531,0.04694583650092026,0.0343479650356708,0.033811475326903054,0.036581109772220274,0.05210972541512197,0.05350500805198279,0.04656560801856598,0.05946019863835668,0.05113102785476084,0.05691680667084549,0.07187652761381201,0.06264183261459877,0.0657923650809993,0.07353138160434201,0.06147304777606401,0.07222092309761438,0.06757490802866113,0.06985919707234427,0.07457488338165327,0.07381421326954546,0.0699887916536902,0.07460769420539637,0.07673265993697807,0.06540998203072432,0.04554234977312338,0.07127032430282777,0.052306670669797155,0.1585158071222292,0.06952267139367693,0.045522324648482486,0.00638355068349057,0.00953207761264422,0.01130075666504305,0.013939915616329004,0.357107442867065,0.03153072216897307,0.010999926418398434,0.021324862004969296,0.04235287980471286,0.02314130629573026,0.028506242211001884,0.01665364679116424,0.005022199497837007,0.013152214677607717,0.013152214677607717,0.0007216019082455461,4.439409850926415e-5,0.00012086821860427794,2.282676752104755e-7,2.3878334303784225e-8,2.7880619746316777e-11],"eigenvalues":[0.0056801064383199575,0.006830825842712386,0.02283910376672123,0.02593352770224789,0.04989376153155064,0.05444009288449273,0.08928385093908758,0.11759547415175879,0.1342055479796522,0.14706611735632413,0.1692948611611503,0.1922517877303968,0.22555582230115231,0.26173735888526434,0.2806075954017225,0.3167464109060706,0.34910346650518614,0.38691506784037133,0.4211672307656467,0.45885327883248006,0.5014060173859116,0.5376435245282819,0.5784582700338474,0.620581158637132,0.6606847542748421,0.7038233442308988,0.7460901141751908,0.7859106328882541,0.8262314984834789,0.865505830542057,0.906142672758206,0.9425538270507025,0.9687074185939398,0.9905061430292603,1.0085010008675173,1.0294236272918806,1.0707417455493025,1.118736300347622,1.1432410759560716,1.1993716017468248,1.205083003166834,1.2180848789726395,1.2234186397008235,1.6908350245242856,1.7846533511142189,1.798829796422251,1.807251623868286,1.8156536912275258,1.826463054228259,1.8364018847525185,1.847140275605938,1.862551515889657,1.8777318003540426,1.8777318003540426,1.8999369949593619,1.9133883280581512,1.9214448844745895,1.9478449791405943,1.9566637962851858,1.9963168426566085],"condition_number":351.4576468477362,"optimal_damping":0.999}