{"kgrid":[3,5,1],"mixing":"KerkerMixing(0.999, 1.0)","temperature":0.0,"Ecut":20,"lattice":[[16.317403238715276,0.0,0.0],[0.0,10.3529207220839,0.0],[0.0,0.0,97.8541881891035]],"n_electr":488,"n_bands":260,"diag_lattice":[16.317403238715276,10.3529207220839,97.8541881891035],"α":0.999,"energies":[-1046.1707894060462,-1046.7751635597067,-1047.6774033151014,-1047.9345683514757,-1047.9365493449884,-1047.9370672808536,-1047.9376287627917,-1047.9380600493687,-1047.9383113121328,-1047.9386425693692,-1047.9388631494892,-1047.9390250331599,-1047.9392164390545,-1047.9393855452,-1047.9394837566088,-1047.9395866815228,-1047.9396825865144,-1047.9397567831938,-1047.9397997001272,-1047.9398619137503,-1047.9399366977948,-1047.9400242992704,-1047.9401214806057,-1047.9401919479262,-1047.9402658884637,-1047.9403132489006,-1047.940368498227,-1047.9404188619806,-1047.9404625965014,-1047.9404992556529,-1047.9405284876452,-1047.9405439204907,-1047.9405588087468,-1047.9405693754406,-1047.940579485796,-1047.9405915726275,-1047.9406013707353,-1047.9406103133615,-1047.940618214789,-1047.9406321892843,-1047.9406431053217,-1047.9406521925912,-1047.940662430008,-1047.9406636502538,-1047.9406728657862,-1047.940673051079,-1047.940676681339,-1047.9406775010966,-1047.9406779127073,-1047.9406796389012,-1047.9406796389012],"smearing":"DFTK.Smearing.None()","fft_size":[54,36,300],"n_kirred":15}