{"kgrid":[3,5,1],"mixing":"SimpleMixing(0.482)","temperature":0.0,"Ecut":20,"lattice":[[16.317403238715276,0.0,0.0],[0.0,10.3529207220839,0.0],[0.0,0.0,97.8541881891035]],"n_electr":488,"n_bands":260,"diag_lattice":[16.317403238715276,10.3529207220839,97.8541881891035],"α":0.482,"energies":[-1046.170787754139,-1047.835381500393,-1047.9081044296213,-1047.9366911966154,-1047.9404341214813,-1047.940669995944,-1047.9406833658495,-1047.940684575442,-1047.9406847321127,-1047.9406847437524,-1047.9406847446085,-1047.9406847448163,-1047.9406847447742,-1047.9406847447742],"smearing":"DFTK.Smearing.None()","fft_size":[54,36,300],"n_kirred":15}