{"residual_norms":[0.018490476805578956,0.025700224258172227,0.027096346363851512,0.007977098790730922,0.061989987417545495,0.06479450548808868,0.059978469991196826,0.10581694765400737,0.09723064939658636,0.10821279416955347,0.1706228449136755,0.1245027155864219,0.13314035658510148,0.12482232289515768,0.15611771367295993,0.08722053196324613,0.23660111413780646,0.06017324904793171,0.1138754649731738,0.1432713082035227,0.10778631044370374,0.09232599596833171,0.1273661915499187,0.0975556253598364,0.09764685938014046,0.07995550441974661,0.028932029411315317,0.026340262755880736,0.007228876631092498,0.0023897128374703795],"eigenvalues":[0.9473439034527955,0.9646504730971541,0.984458891310068,0.999739184303798,1.023782552326603,1.0816033992195204,1.1587212934705207,1.2224574874215526,1.31674747096956,1.4139990946147456,1.4897911580331769,1.5957086592027003,1.7142774875840616,1.8314318128241005,1.9541640208578788,2.031104624163209,2.1693351692245995,2.3299473953712044,2.4206201233567466,2.578545318748729,2.6728804874574403,2.755022318335073,2.860114516558272,2.9226257733579457,3.0026772255194216,3.049348670103405,3.10931131499039,3.1380580908990177,3.184373914230989,3.2029394527736246],"condition_number":3.380968031883494,"optimal_damping":0.482}