{"kgrid":[3,5,1],"mixing":"RestaMixing(0.956, 14, 1.0)","temperature":0.0,"Ecut":20,"lattice":[[16.317403238715276,0.0,0.0],[0.0,10.3529207220839,0.0],[0.0,0.0,97.8541881891035]],"n_electr":488,"n_bands":260,"diag_lattice":[16.317403238715276,10.3529207220839,97.8541881891035],"α":0.956,"energies":[-1046.1707802298115,-1046.9446689548367,-1047.7149188520086,-1047.9373462308636,-1047.9390752327613,-1047.9396188256837,-1047.9400534122497,-1047.9403269037718,-1047.940472652482,-1047.940592742692,-1047.9406448667567,-1047.9406653720757,-1047.9406782018139,-1047.9406820477282,-1047.940683323557,-1047.9406841838604,-1047.9406844974817,-1047.9406846220922,-1047.940684681493,-1047.940684715781,-1047.9406847279288,-1047.9406847376792,-1047.9406847408818,-1047.9406847426822,-1047.9406847436612,-1047.9406847441862,-1047.9406847444782,-1047.940684744637,-1047.9406847446958,-1047.9406847448363,-1047.9406847448329,-1047.9406847448329],"smearing":"DFTK.Smearing.None()","fft_size":[54,36,300],"n_kirred":15}