{"residual_norms":[0.004707924546664336,0.03721983678997392,0.024176143572357978,0.029352117810720647,0.05172077906518626,0.07892863435087288,0.08536123032385055,0.06657554507754371,0.10667021918501017,0.10411226582859794,0.11218558061709095,0.1353575315173408,0.13800541577437592,0.14196595478537052,0.1581303970446448,0.1560801244076941,0.13508426277841112,0.11455687669445505,0.21559307242580633,0.053079942291983616,0.09941399593709786,0.008866364346443938,0.01813888225488874,0.01864761245709764,0.020808705372095556,0.015590516411982065,0.006117146985186923,0.013215447646612765,0.0039604963735543845],"eigenvalues":[0.08237004246221137,0.09659848482805036,0.11481928150226825,0.16025320427168663,0.2116952885515978,0.2453966028509173,0.3194791505745545,0.38708983871676456,0.4571920431312856,0.5332573245306224,0.6202024995696332,0.6999936470532496,0.7837615533802647,0.8602221007761177,0.9378875401281174,0.9826579827229729,0.9926270803657674,1.0479204251002354,1.1685476240593358,1.2095414828228839,1.225431821450428,1.8234180457050848,1.8535151028823238,1.8730328890183452,1.920692171537303,1.9377168230619246,1.9711549998874636,1.9829426354175113,2.009098661923381],"condition_number":24.39113301228524,"optimal_damping":0.956}