{"kgrid":[3,4,1],"mixing":"HybridMixing(0.585, 14, 1.0, var\"#431#439\"{Int64,var\"#periodise#438\"}(30, var\"#periodise#438\"(), Core.Box(0.9897246349879941), Core.Box(1.3244148332918535)), true, false)","temperature":0.001,"Ecut":20,"lattice":[[15.10790948462645,0.0,0.0],[0.0,10.682905246131922,0.0],[0.0,0.0,105.63761415537456]],"n_electr":528,"n_bands":281,"diag_lattice":[15.10790948462645,10.682905246131922,105.63761415537456],"α":0.585,"energies":[-775.7595041526758,-778.0042205360338,-778.1476407370513,-778.2650631470018,-778.2778612006343,-778.2804986223523,-778.2812239084285,-778.2814812277909,-778.2815908256076,-778.2816168999451,-778.2816220324084,-778.2816247295524,-778.2816258685589,-778.2816263339229,-778.2816264899893,-778.2816265563924,-778.2816265813191,-778.2816265928865,-778.2816265958936,-778.2816265966578,-778.2816265969046,-778.2816265969918,-778.2816265969714,-778.281626597005,-778.281626596993,-778.2816265969961,-778.2816265969961],"smearing":"DFTK.Smearing.Gaussian()","fft_size":[48,36,324],"n_kirred":12}