{"residual_norms":[0.006599719149050396,0.022668705928086855,0.044569986318869194,0.053952080451069244,0.0741951132666703,0.07780858687256285,0.0939429279203345,0.11748115035337449,0.1294872759679766,0.15319888978663276,0.16712723528958032,0.1207191921391966,0.11359639661664733,0.14546991433539605,0.1262800560299421,0.15580468233497868,0.19432857246891205,0.1581745113700116,0.1374821296740357,0.10596766014394862,0.131325711235744,0.19815723561520324,0.1624072253856314,0.24980780750382292,0.07483105414450016,0.07458319982321211,0.04241164185535897,0.0781266626117104,0.04964050788936039,0.02543737359839175,0.02358270931523834,0.051650250140330214,0.05529439248887111,0.002109943682976919],"eigenvalues":[0.300083594094054,0.33317719047259864,0.35802296840044856,0.3915914441435704,0.43995319280529455,0.5004261934352127,0.560977531791557,0.6431010944151251,0.7176031931758732,0.8185056405351228,0.8839187555593131,0.9760464929153523,1.0029811549985055,1.1535440650127282,1.2760701195517223,1.429057364657845,1.5374979457408873,1.6676346582406314,1.787279327866175,1.9655847175982952,2.057671975072123,2.233483573741645,2.3145420668382792,2.441097090750109,2.5495952779046616,2.6523749563209824,2.7725536930101766,2.854995323042636,2.8973386437346926,2.9731861059988653,3.0471134795445334,3.071484309785169,3.0889207520005186,3.1183782616357036],"condition_number":10.391698590021296,"optimal_damping":0.585}