{"kgrid":[3,4,1],"mixing":"HybridMixing(0.5, 14, 1.0, var\"#2016#2024\"{Int64,var\"#periodise#2023\"}(30, var\"#periodise#2023\"(), Core.Box(0.9897246349879941), Core.Box(1.3244148332918535)), true, false)","temperature":0.001,"Ecut":20,"lattice":[[15.10790948462645,0.0,0.0],[0.0,10.682905246131922,0.0],[0.0,0.0,105.63761415537456]],"n_electr":528,"n_bands":281,"diag_lattice":[15.10790948462645,10.682905246131922,105.63761415537456],"α":0.5,"energies":[-775.7594520234456,-777.9762857700691,-778.2080141606224,-778.2721356694268,-778.2790510509291,-778.2806890467067,-778.2812014098195,-778.281464260029,-778.2815854309264,-778.2816165878227,-778.2816225503631,-778.2816251587001,-778.2816260819121,-778.2816264040001,-778.2816265280694,-778.2816265729139,-778.2816265876717,-778.2816265940327,-778.2816265960372,-778.281626596788,-778.2816265969393,-778.2816265969753,-778.2816265969677,-778.2816265969677],"smearing":"DFTK.Smearing.Gaussian()","fft_size":[48,36,324],"n_kirred":12}