{"residual_norms":[0.02915717518903162,0.042917309200812895,0.05083298583705802,0.07496611812710788,0.09478386018667241,0.12715670454330444,0.1386882175123007,0.1494703783998647,0.17195366591723402,0.18190024080813155,0.13102232060674926,0.13074184773872966,0.1450400732547047,0.21598988638140593,0.07581509677355293,0.068830581369513,0.12428566061800762,0.07968927279570645,0.04765648292488731,0.032968159775325474,0.016489687539938257,0.0064650264231078045],"eigenvalues":[0.22448240200377595,0.2773328801139307,0.3147234114097545,0.3652463155020764,0.4348946339116412,0.5159757652490596,0.5883106935069401,0.6971589830151118,0.7778637911374299,0.8578543157861066,0.9690551415251122,0.9993001297921136,1.1701479657044982,1.2692220825703322,1.3504861758456532,1.6345915184747501,1.729799361135448,1.8258793993393958,1.8875670569408571,1.942612682988631,1.9836661503308146,2.0226274813431115],"condition_number":9.010182817400045,"optimal_damping":0.89}