{"kgrid":[3,4,1],"mixing":"HybridMixing(0.298, 1, 1.0, identity, true, false)","temperature":0.001,"Ecut":20,"lattice":[[15.10790948462645,0.0,0.0],[0.0,10.682905246131922,0.0],[0.0,0.0,105.63761415537456]],"n_electr":528,"n_bands":281,"diag_lattice":[15.10790948462645,10.682905246131922,105.63761415537456],"α":0.298,"energies":[-775.7594305355345,-774.9607765845607,-778.1847047868794,-778.2573850838373,-778.2657912545934,-778.2767590040542,-778.2806318286081,-778.28139224239,-778.281430316626,-778.2815092455186,-778.2815964502524,-778.2816117747211,-778.2816210140006,-778.2816248026968,-778.2816257004565,-778.2816261146859,-778.2816263601346,-778.2816265036923,-778.2816265590278,-778.2816265810617,-778.2816265912761,-778.2816265940055,-778.2816265959062,-778.2816265965205,-778.281626596864,-778.2816265969512,-778.2816265969706,-778.2816265969676,-778.2816265969676],"smearing":"DFTK.Smearing.Gaussian()","fft_size":[48,36,324],"n_kirred":12}