{"kgrid":[3,4,1],"mixing":"HybridMixing(0.89, 14, 1.0, identity, true, false)","temperature":0.001,"Ecut":20,"lattice":[[15.10790948462645,0.0,0.0],[0.0,10.682905246131922,0.0],[0.0,0.0,105.63761415537456]],"n_electr":528,"n_bands":281,"diag_lattice":[15.10790948462645,10.682905246131922,105.63761415537456],"α":0.89,"energies":[-775.7595302463319,-777.8913462813485,-778.1638739835108,-778.2727516517386,-778.2786753348025,-778.2805665763187,-778.2813668468634,-778.2815691238274,-778.2816109898743,-778.2816223450151,-778.2816252017682,-778.2816261215977,-778.2816264625176,-778.2816265586312,-778.2816265878783,-778.2816265944283,-778.2816265963712,-778.2816265968128,-778.2816265969268,-778.2816265970007,-778.2816265970072,-778.2816265970072],"smearing":"DFTK.Smearing.Gaussian()","fft_size":[48,36,324],"n_kirred":12}