{"residual_norms":[0.014363679341203023,0.025517093774044715,0.05309781732996034,0.08209152491369442,0.10437587672503038,0.12440718724947225,0.13968385409224932,0.1430421625451038,0.10491346037404574,0.035254167568222416,0.20868952820724723,0.17833883345857543,0.2262097920858988,0.21724272800531536,0.2534587887947974,0.2754474994516354,0.23866592671398973,0.20801647988587324,0.1669617020883942,0.16783881779458606,0.13146271273341198,0.09320254187446557,0.040951749021462897,0.0049641975278380615,0.00264033888842445,0.004009222421199234,3.548206495698847e-5,2.9489841242217683e-5,1.6158225459942106e-6,8.752078639401598e-12,4.576770282596855e-15],"eigenvalues":[0.2979203096464115,0.3312736455453638,0.38105587723538603,0.44197094445079704,0.5194413229695364,0.6046114045007905,0.7057707185172247,0.8232849953595668,0.9421047251277267,0.9953734905773134,1.1483424779766693,1.3268620291352458,1.5422840165218004,1.6979552403153595,1.9538901051815905,2.0817824517355503,2.2912139536190064,2.4580851793115777,2.69457452515471,2.8267091230453167,2.978059575434839,3.106312675331283,3.2364721959217455,3.4192560892322628,3.6668615896043377,3.7247903813892522,3.954666492708825,4.130981865819074,4.289823164604919,5.061235257439083,6.409778763375606],"condition_number":21.51507821330842,"optimal_damping":0.298}