{"kgrid":[3,4,1],"mixing":"KerkerMixing(0.983, 1.0)","temperature":0.001,"Ecut":20,"lattice":[[15.10790948462645,0.0,0.0],[0.0,10.682905246131922,0.0],[0.0,0.0,105.63761415537456]],"n_electr":528,"n_bands":281,"diag_lattice":[15.10790948462645,10.682905246131922,105.63761415537456],"α":0.983,"energies":[-775.7595369140603,-775.4185428544948,-777.8173013201196,-778.1129864218591,-778.1898209766085,-778.2180232841458,-778.2390811435104,-778.2566200658982,-778.2656181987737,-778.2733841366297,-778.2783416693998,-778.2793098083534,-778.2801958353971,-778.2808187535485,-778.2810079426215,-778.2811656872736,-778.2813620420685,-778.2814615872771,-778.2815230570727,-778.2815528702805,-778.2815699960322,-778.2815798108303,-778.281589096773,-778.2815985730748,-778.2816082237596,-778.2816188437487,-778.2816246168173,-778.2816261634838,-778.2816264420012,-778.2816264997223,-778.2816265330007,-778.2816265678774,-778.2816265902775,-778.2816265960322,-778.2816265967774,-778.2816265969805,-778.2816265969471,-778.2816265969682,-778.2816265969885,-778.281626597028,-778.2816265970032,-778.281626597011,-778.281626597011],"smearing":"DFTK.Smearing.Gaussian()","fft_size":[48,36,324],"n_kirred":12}