{"residual_norms":[0.0029587698392649544,0.002384100781965632,0.007635677397910292,0.020667731538677583,0.02609481042025189,0.06055205122436434,0.10724851412486175,0.10548012367532357,0.10585456285609714,0.1150861677170762,0.10311708866244625,0.1144536874861087,0.04245166074447738,0.15158219244857682,0.09266781963463407,0.028812066766964094,0.03482928836363852,0.449577616111283,0.03613548869145467,0.04924304103387839,0.040161738151006494,0.05368261605977527,0.018561025158892738,0.001881249553832418],"eigenvalues":[0.03183353654392399,0.06036565496430168,0.11368089695593186,0.17269223137358733,0.22092265929047183,0.31907223000400314,0.4056827088546466,0.472610140102466,0.6176750359625148,0.6950690287951657,0.81503295794401,0.9080838482041476,0.9869704741693278,1.0431558352725325,1.1528043017912817,1.2549869794781863,1.3498869882100821,1.6228144830560645,1.8071543248174213,1.8510632945161316,1.9082388833162232,1.9389972921306375,1.9643172957270736,2.0019167989956697],"condition_number":62.88703726755021,"optimal_damping":0.983}