{"residual_norms":[0.02280488181189273,0.5888553618115681,1.123216070348877,1.3145548045500137,1.3931343414754882,1.912635792031154,0.1902527031619361,0.027178692344580778,0.005781839626456228,5.227020214890295e-7,1.807263491910791e-11],"eigenvalues":[0.9976650074670247,1.258911841133798,2.5230765563877777,3.7687296447826983,6.669716830292695,9.091313437506647,12.07249331066313,18.78690932073733,24.750097530121455,54.7086135893483,149.1481115999553],"condition_number":149.49718641393267,"optimal_damping":0.0133}