{"kgrid":[3,4,1],"mixing":"SimpleMixing(0.0133)","temperature":0.001,"Ecut":20,"lattice":[[15.10790948462645,0.0,0.0],[0.0,10.682905246131922,0.0],[0.0,0.0,105.63761415537456]],"n_electr":528,"n_bands":281,"diag_lattice":[15.10790948462645,10.682905246131922,105.63761415537456],"α":0.0133,"energies":[-775.7594926949245,-777.0833426471156,-703.4265207820545,1059.0174383596714,-750.711857601024,-766.0399514514735,-758.0122775846783,-589.5852491704109,-773.0198979804534,-741.9813056394091,-751.8418549783586,-726.3110811981547,-774.8603728516341,-777.42714305526,-777.7911776813586,-777.8203967494118,-778.0691143401938,-778.1670891193247,-778.2243528193305,-776.9758838076333,-778.1331069568437,-778.1515040655491,-778.239405164637,-778.2614004038036,-778.2633982711784,-778.2742896516257,-778.2435468671423,-778.2314647023182,-778.2744151129264,-778.276434999113,-778.2790470770725,-778.2811859565107,-778.2813663666484,-778.2810584799945,-778.2811847613958,-778.2813822249753,-778.2814343280336,-778.2814493163448,-778.2813116265048,-778.2813139532311,-778.2815942489569,-778.2815900332778,-778.2816197832522,-778.2816174572821,-778.2816205709705,-778.2816172412163,-778.2816191840503,-778.2816257670003,-778.2816260638931,-778.2816259825071,-778.2816259825071],"smearing":"DFTK.Smearing.Gaussian()","fft_size":[48,36,324],"n_kirred":12}