{"residual_norms":[0.007382041833698219,0.03613117159543315,0.0751608311063989,0.10891980187012273,0.13653296481922494,0.1383653011771291,0.11899752720459102,0.06113755608523901,0.11388821127802423,0.09940802693896768,0.1940359038422143,0.1457821213934036,0.05667235011487439,0.039227571040791394,0.000212112824532916,9.809208051700847e-6,3.5736257115350073e-12,5.8520536481553405e-15],"eigenvalues":[0.2298312804995899,0.2762262704214585,0.4130837787097838,0.5470443742746665,0.6830343846723873,0.786169478020575,0.9532871524065117,0.9932378693193353,1.1865207040918049,1.3807952187141326,1.5530461411426986,1.8308431792875708,1.944486805599695,2.014011060340928,2.3377189723910305,2.6455613541905882,4.695636553542063,11.593579712726811],"condition_number":50.443872076618824,"optimal_damping":0.169}