{"kgrid":[3,4,1],"mixing":"RestaMixing(0.169, 14, 1.0)","temperature":0.001,"Ecut":20,"lattice":[[15.10790948462645,0.0,0.0],[0.0,10.682905246131922,0.0],[0.0,0.0,105.63761415537456]],"n_electr":528,"n_bands":281,"diag_lattice":[15.10790948462645,10.682905246131922,105.63761415537456],"α":0.169,"energies":[-775.7595766224574,-777.569323170376,-777.4312861669092,-767.8829555270797,-764.6125935584719,-778.2270696022555,-778.0210929694639,-778.2074605970445,-778.2650894181139,-778.2050575669447,-778.2607815296151,-778.2794120241211,-778.2795956322254,-778.2802364891731,-778.28124976486,-778.2814702149515,-778.2815752718355,-778.2816075837334,-778.2816043045408,-778.281615976519,-778.2816215931316,-778.2816187739319,-778.2816230799284,-778.2816230989292,-778.2816252521919,-778.2816265026623,-778.2816265372552,-778.2816265702633,-778.2816265792173,-778.2816265935904,-778.2816265957251,-778.2816265964634,-778.2816265961665,-778.2816265968928,-778.2816265969216,-778.2816265968652,-778.2816265969705,-778.2816265969581,-778.2816265969963,-778.2816265970006,-778.2816265970006],"smearing":"DFTK.Smearing.Gaussian()","fft_size":[48,36,324],"n_kirred":12}