{"kgrid":[3,3,1],"mixing":"KerkerMixing(0.5, 1.0)","temperature":0.001,"Ecut":20,"lattice":[[7.653390808104204,0.0,0.0],[0.0,7.653390808104204,0.0],[0.0,0.0,22.96017242431261]],"n_electr":36,"n_bands":23,"diag_lattice":[7.653390808104204,7.653390808104204,22.96017242431261],"α":0.5,"energies":[-24.87751080550943,-24.88176913545698,-24.879889992496857,-24.884250438311746,-24.8842196150271,-24.88434057452095,-24.884344706470927,-24.88434518239483,-24.884345270426262,-24.884345282674698,-24.884345283015453,-24.88434528301739,-24.88434528301739],"smearing":"DFTK.Smearing.Gaussian()","fft_size":[25,25,72],"n_kirred":9}