{"kgrid":[3,3,1],"mixing":"KerkerMixing(0.468, 1.0)","temperature":0.001,"Ecut":20,"lattice":[[7.653390808104204,0.0,0.0],[0.0,7.653390808104204,0.0],[0.0,0.0,22.96017242431261]],"n_electr":36,"n_bands":23,"diag_lattice":[7.653390808104204,7.653390808104204,22.96017242431261],"α":0.468,"energies":[-24.87751035745384,-24.881967396124107,-24.881077832735375,-24.884303735681222,-24.884307591868364,-24.884341679492636,-24.88434480473632,-24.884345248640535,-24.88434527523207,-24.884345282608084,-24.884345283012735,-24.884345283017407,-24.884345283017407],"smearing":"DFTK.Smearing.Gaussian()","fft_size":[25,25,72],"n_kirred":9}