{"residual_norms":[0.004680811290005526,0.017091672805475855,0.0199062272729037,0.03182257243203547,0.03409481799276583,0.034244682127992435,0.031097327123603833,0.025328867295373897,0.016540607597999035,0.009035917295261573,0.003397796710747962,3.644263112533848e-5,2.2886058146193814e-5,2.4355770452848693e-14,1.3547358401143625e-14],"eigenvalues":[0.7146004125285492,0.7378279467805449,0.7666427487804438,0.7963055177666624,0.8340496236340198,0.8772676218537754,0.9214686679887137,0.956698310823449,0.9850344105672764,0.9934985729175178,1.0692375195051733,1.235258589820108,1.25453713551439,3.5445449809118474,3.557709966546341],"condition_number":4.978600493606916,"optimal_damping":0.468}