{"kgrid":[3,3,1],"mixing":"SimpleMixing(0.106)","temperature":0.001,"Ecut":20,"lattice":[[7.653390808104204,0.0,0.0],[0.0,7.653390808104204,0.0],[0.0,0.0,22.96017242431261]],"n_electr":36,"n_bands":23,"diag_lattice":[7.653390808104204,7.653390808104204,22.96017242431261],"α":0.106,"energies":[-24.877214528094278,-24.881094486845573,-24.853997461363335,-24.86948537404038,-24.883813528513485,-24.88067002469197,-24.883344842291752,-24.88417322567296,-24.884127082239246,-24.884279905464947,-24.884344819549057,-24.88434490680912,-24.884345024198595,-24.884344628196246,-24.88434497703606,-24.884345230323383,-24.884345255534328,-24.884345283014355,-24.884345283013605,-24.884345283013605],"smearing":"DFTK.Smearing.Gaussian()","fft_size":[25,25,72],"n_kirred":9}