{"residual_norms":[0.01449251844680133,0.01918153977973984,0.005727944686866289,0.0723549952940925,0.11722046896515163,0.16921624673279617,0.16926232767889904,0.06104060712233952,0.07919976890363098,0.4392794174757025,0.007159130753642166,0.00841226134010777,0.2247761847494949,0.00023804684515629253,1.1811941924890308e-5,2.546431170944557e-14,2.2862886413000296e-14,3.500696758219645e-14,1.8143828707607018e-14],"eigenvalues":[0.9570791221812598,0.9788144619108351,0.9995890622546698,1.056560500398518,1.2128515640244268,1.2999811233954395,1.3976071681694964,1.4937229207556453,1.7522056925322054,1.7995645511582659,2.1204148473684112,2.231301604018578,2.3051467492702513,2.4873493842469103,2.6488775914165568,15.337819824362827,15.393527485885347,17.6391501509386,17.918827199202525],"condition_number":18.72240944757429,"optimal_damping":0.106}