{"kgrid":[4,4,1],"mixing":"RestaMixing(0.5, 14, 1.0)","temperature":0.0,"Ecut":20,"lattice":[[0.0,5.341452623065961,5.341452623065961],[5.341452623065961,0.0,5.341452623065961],[106.82905246131921,106.82905246131921,0.0]],"n_electr":160,"n_bands":89,"diag_lattice":[0.0,0.0,0.0],"α":0.5,"energies":[-162.77438785623966,-168.3416563343908,-170.56399489950027,-170.62814309119034,-170.6571865711673,-170.6587672773568,-170.65889067370057,-170.65891205892586,-170.65891246409987,-170.6589125552898,-170.65891256706982,-170.65891256999623,-170.65891257032206,-170.65891257040627,-170.65891257040724,-170.65891257040724],"smearing":"DFTK.Smearing.None()","fft_size":[25,25,480],"n_kirred":16}