{"kgrid":[4,4,1],"mixing":"KerkerMixing(1.73, 1.0)","temperature":0.0,"Ecut":20,"lattice":[[0.0,5.341452623065961,5.341452623065961],[5.341452623065961,0.0,5.341452623065961],[106.82905246131921,106.82905246131921,0.0]],"n_electr":160,"n_bands":89,"diag_lattice":[0.0,0.0,0.0],"α":1.73,"energies":[-162.77438693898577,-165.22618769680832,-170.6493046343192,-170.65687999946252,-170.65758765431477,-170.65787054692194,-170.65812568268632,-170.65827267840476,-170.65843408507317,-170.65865081140427,-170.6587269569491,-170.65877730970269,-170.65881350549802,-170.6588432702329,-170.65886424258653,-170.65889225459907,-170.65890847080243,-170.658912429405,-170.65891256253147,-170.6589125700633,-170.65891257002872,-170.65891257024617,-170.65891257026462,-170.65891257028477,-170.65891257030688,-170.6589125703365,-170.65891257036344,-170.65891257038675,-170.65891257039635,-170.65891257039635],"smearing":"DFTK.Smearing.None()","fft_size":[25,25,480],"n_kirred":16}