{"residual_norms":[0.0008174804394256033,0.08957496299099213,0.054817482728707005,0.08465775174267659,0.16536507481502624,0.09653229552937562,0.11191579061266003,0.09288947769877931,0.06565337869820435,0.019618023110832643,0.010106769842347844],"eigenvalues":[0.035937545762228656,0.1398599175366684,0.19953656185528704,0.3153747856180892,0.5135497165997589,0.6614009541035498,0.7839486091876864,0.8957758680953245,0.9708147071645313,0.99406668363258,1.1208335452505918],"condition_number":31.18837197916332,"optimal_damping":1.73}