{"residual_norms":[0.03351817926647199,0.23986153337287494,0.4034334162545898,0.8650207226231087,0.6870879397772034,0.506361641072328,0.9359344962982227,0.08183146136058109,0.03905131081843257,0.2539140304328129,0.009313999869794257],"eigenvalues":[0.9976877106961521,1.045239275883771,1.6885810603702935,2.631471311271421,4.178766982510667,6.267801213761272,7.352495381333891,9.276733680720833,11.469425744340567,14.604158526415974,14.671346950551264],"condition_number":14.705349974005497,"optimal_damping":0.128}