{"kgrid":[4,4,1],"mixing":"SimpleMixing(0.128)","temperature":0.0,"Ecut":20,"lattice":[[0.0,5.341452623065961,5.341452623065961],[5.341452623065961,0.0,5.341452623065961],[106.82905246131921,106.82905246131921,0.0]],"n_electr":160,"n_bands":89,"diag_lattice":[0.0,0.0,0.0],"α":0.128,"energies":[-161.46481302953953,-164.82400097911744,-170.35122178087022,228.70303085872416,12979.81334915735,1824.8243021024,12166.367319661616,5504.152805922986,2683.057460677548,363.8012424805253,1652.2582128027439,1040.9058489310842,857.6084954039725,810.2560724512459,682.8444307572732,207.80187632902528,19125.112856710355,3052.0718342184205,4048.252975546461,8.971644169260976,6118.804245496014,754.3525717622155,598.5154810820891,516.2107609218007,329.1811321321903,-57.096709968428264,128.46880345718358,130.57042867692752,14884.703445998412,-150.52037497662278,11003.761258947075,-79.59808452526343,7979.532520030615,-153.7759832564787,-157.16022636710736,-70.41962360948776,82.39928114582969,211.30193751095496,355.81042126703176,1833.032921915693,15598.423176584476,470.17229312855955,10820.506059508241,136.586576510601,10293.6535893619,353.67168423930195,2694.5925697584084,873.1967625843371,945.988248927857,1092.667901976687,1092.667901976687],"smearing":"DFTK.Smearing.None()","fft_size":[25,25,480],"n_kirred":16}