{"kgrid":[4,4,1],"mixing":"RestaMixing(1.17, 14, 1.0)","temperature":0.0,"Ecut":20,"lattice":[[0.0,5.341452623065961,5.341452623065961],[5.341452623065961,0.0,5.341452623065961],[106.82905246131921,106.82905246131921,0.0]],"n_electr":160,"n_bands":89,"diag_lattice":[0.0,0.0,0.0],"α":1.17,"energies":[-162.77438360770594,-170.05739716098338,-170.6418579675215,-170.6571196188276,-170.6587038927609,-170.6588997310399,-170.65891232069646,-170.658912547526,-170.6589125688105,-170.65891257033005,-170.6589125704018,-170.65891257040755,-170.65891257040755],"smearing":"DFTK.Smearing.None()","fft_size":[25,25,480],"n_kirred":16}