{"residual_norms":[0.0037944480670102686,0.01543769741097795,0.030033137049538944,0.03322301674462552,0.06255223955256098,0.07408723330041643,0.05134380054480008,0.052357548819981836,0.06427451473944794,0.061657035142156945,0.0620426447563022,0.02672985480020676,0.09538005335433905,0.026738606927973908,0.038473501009132646,0.0074291585137708244,0.010733410389756748,0.00629351851442951],"eigenvalues":[0.499320692182475,0.5156549734370574,0.5510286741209672,0.5871260894839212,0.6254783095671619,0.6742755511890861,0.7176670729751036,0.7796906787769686,0.8371450895174337,0.905257431335283,0.9564849429460595,0.9920320300896451,1.013223709350115,1.098364390440256,1.1335404203409014,1.1767614498466197,1.2082334053383637,1.2129093288117658],"condition_number":2.4291188965357606,"optimal_damping":1.17}