{"residual_norms":[0.005006703114565467,0.008521153504978955,0.010043088162136303,0.027462299580643623,0.037288862559005036,0.04179503984099648,0.044739012554961696,0.04760527166258069,0.042296984080889805,0.032673556642593686,0.010675213908214158,0.05127237315406753,0.03187582743615581,0.10301087613628862,0.07982207018755133,0.07022267102938391,0.06584350604517072,0.02284754473443346,0.0008546789883784249,0.00030789268474195014,0.0207211926288829,0.01724997588266019,0.0016255989976800803,0.0016255989976800803,1.2869389833828287e-5,2.7169362121608643e-5,2.6464562506555965e-7,3.7174004049220676e-9,1.117890158983733e-11,2.189309449100537e-11,6.102052577035164e-14,1.3291348268897631e-14,1.3606951492491199e-14,1.5904883365231538e-14,1.6509653832894982e-14,7.629555186713936e-15],"eigenvalues":[0.6608498379631326,0.6714144913000978,0.6992849517028994,0.7270167287435578,0.7586772871950549,0.7978114141359767,0.8445739899183996,0.8912293210890313,0.938196457969978,0.9778485043791252,0.994254859527957,1.1093083931180312,1.1584790655706647,1.3227964865032869,1.357647496222877,1.4165392551967877,1.4698770717534697,1.498722272719303,1.849110390079288,1.8914512714547687,2.012224703172829,2.0133098956307633,2.206660544292265,2.206660544292265,2.478990858608476,2.4801941207909177,2.8479638603869875,2.8519179591814994,3.338414104402383,3.340663337434512,3.9818184907015524,3.983062101053884,4.847004621286674,4.852815992711018,6.1218256941616,6.147749378796435],"condition_number":9.302793199957485,"optimal_damping":0.294}