{"kgrid":[4,4,1],"mixing":"RestaMixing(0.294, 2.4, 1.0)","temperature":0.0,"Ecut":20,"lattice":[[0.0,5.341452623065961,5.341452623065961],[5.341452623065961,0.0,5.341452623065961],[106.82905246131921,106.82905246131921,0.0]],"n_electr":160,"n_bands":89,"diag_lattice":[0.0,0.0,0.0],"α":0.294,"energies":[-161.46481458788153,-166.20909500313434,-170.50849112528292,-170.17038653975587,164.8570084955814,383.6679488636147,-158.79710542041158,423.8025827908084,3095.7826977439477,101.08331768886188,119.82929400916157,906.2010094422733,1292.28595797366,1066.8330835821193,394.8944321143193,593.5912908947354,103.38590521760186,457.4929644133998,2884.0286777526117,904.670652498397,3054.9769509704934,-117.80571741123453,-10.815786293186285,-116.84110096170281,-170.21608525160457,342.19233829691626,-109.01035297866434,108.52676444240923,470.2153455073567,377.28926287202853,234.93784881944734,76.6333311924948,-28.1638614950108,-106.10589829627489,-160.39227673975094,-149.41488884864594,-170.01671851075875,-169.51286436784955,-168.60419386327698,-168.48819135313516,-167.37771488366258,-170.5411534887428,-90.9977151459656,-170.54369037600992,-96.89780028985325,-69.82306125370513,-170.29103467855506,-169.53332078938882,-170.54486858109865,-169.95590750500344,-169.95590750500344],"smearing":"DFTK.Smearing.None()","fft_size":[25,25,480],"n_kirred":16}