{"kgrid":[3,3,1],"mixing":"KerkerMixing(0.5, 1.0)","temperature":0.001,"Ecut":20,"lattice":[[7.653390808104204,0.0,0.0],[0.0,7.653390808104204,0.0],[0.0,0.0,38.26695404052102]],"n_electr":60,"n_bands":36,"diag_lattice":[7.653390808104204,7.653390808104204,38.26695404052102],"α":0.5,"energies":[-41.28276350833363,-41.435349799389634,-41.43964062261504,-41.44619478336634,-41.44713079537612,-41.447106527785856,-41.447133853038935,-41.44713388234878,-41.447133939974336,-41.44713394039969,-41.447133940444736,-41.447133940461455,-41.44713394046189,-41.44713394046189],"smearing":"DFTK.Smearing.Gaussian()","fft_size":[25,25,120],"n_kirred":9}