{"residual_norms":[0.00919888940102127,0.036141523322032264,0.04062472600713683,0.057980947542173825,0.08820800096795349,0.0863483175899103,0.06237039512168684,0.12886264945225429,0.1071878706299912,0.038046249941792176,0.0006553075021244635,0.0003670569589170669,7.886334288205449e-5,9.802495882174854e-11,4.5593417256858053e-10],"eigenvalues":[0.714577259718757,0.7454305296625712,0.7806916217628296,0.8280046387417965,0.8853813512247994,0.9441118226053717,0.9879554697876197,1.001787581180641,1.0996692710671427,1.162113482197773,1.4471932410478903,1.4599579668035185,1.5026147621998986,2.75608154104682,2.7743985492762904],"condition_number":3.882573243890013,"optimal_damping":0.573}