{"kgrid":[3,3,1],"mixing":"KerkerMixing(0.573, 1.0)","temperature":0.001,"Ecut":20,"lattice":[[7.653390808104204,0.0,0.0],[0.0,7.653390808104204,0.0],[0.0,0.0,38.26695404052102]],"n_electr":60,"n_bands":36,"diag_lattice":[7.653390808104204,7.653390808104204,38.26695404052102],"α":0.573,"energies":[-41.2827132376736,-41.44191289481824,-41.44471170609847,-41.44670921325373,-41.44704150651287,-41.447129669159345,-41.44713389875206,-41.4471339084595,-41.44713393848633,-41.44713394037542,-41.44713394046185,-41.447133940461796,-41.447133940461796],"smearing":"DFTK.Smearing.Gaussian()","fft_size":[25,25,120],"n_kirred":9}