{"residual_norms":[0.012898816623772565,0.018003866771563987,0.005436765689218971,0.0831295570189321,0.09261254228763345,0.08044274990303905,0.0713097433505004,0.07306431152845756,0.07129024468975778,0.2497964483533288,0.07578046529818032,0.09202834939545965,0.10666284165479933,0.03278408451606092,0.0660505250852553,0.05203534040143933,1.9151422638453768e-6,3.1230622346052167e-6,3.092164206922863e-10,1.2500435219437602e-9,3.1736275856656616e-14,1.8338486047200005e-14,2.848456556558351e-14,2.8167690764086796e-14],"eigenvalues":[0.9556228564357594,0.9785708387954112,0.9996051473538066,1.0653965036873299,1.1882246245163077,1.3051491229420347,1.4440567877855512,1.6224713365546053,1.8334179800182184,1.9967438672035205,2.1369708990873364,2.441006491245227,2.5853493350034586,2.6384044374266193,2.8826573313994204,2.8917605205079933,4.045650218691589,4.055347882713561,5.339323828620641,5.356191203668288,28.19334734599362,28.381027989816612,54.8779642948029,55.49410101289116],"condition_number":58.07113197341328,"optimal_damping":0.0354}