{"kgrid":[3,3,1],"mixing":"SimpleMixing(0.0354)","temperature":0.001,"Ecut":20,"lattice":[[7.653390808104204,0.0,0.0],[0.0,7.653390808104204,0.0],[0.0,0.0,38.26695404052102]],"n_electr":60,"n_bands":36,"diag_lattice":[7.653390808104204,7.653390808104204,38.26695404052102],"α":0.0354,"energies":[-41.28287763064638,-41.27432427822894,-41.199456530813215,-41.3334573118798,-41.28489671707068,-41.408809680474945,-41.44380224621752,-41.440374075820706,-41.44029701720909,-41.44356652607554,-41.44310273626716,-41.44556175940994,-41.446537111522915,-41.446162178378444,-41.44705621790445,-41.4470773084712,-41.44712342227734,-41.447132913198544,-41.447133734845,-41.44713354493627,-41.44713389811167,-41.44713391414697,-41.447133938019945,-41.44713393829017,-41.44713393907481,-41.44713393947531,-41.4471339369784,-41.44713393980553,-41.44713394034027,-41.447133940449326,-41.44713394044611,-41.44713394044611],"smearing":"DFTK.Smearing.Gaussian()","fft_size":[25,25,120],"n_kirred":9}