{"residual_norms":[0.006889345882767006,0.018490307757886505,0.025222631217845688,0.041532212070782906,0.0434453050475018,0.04978010841228768,0.05123942793022666,0.05079495638181835,0.028925045071668057,0.07489052855985427,0.033844964241988795,0.012166190535454167,0.0928323825108905,0.010205743893671324,0.0035794133784434823,9.511353888088858e-6,6.55602507611607e-6,8.801103835881915e-15,6.796722174019082e-15,8.06663635196779e-15,5.641640452126403e-15],"eigenvalues":[0.7230348192321012,0.7416751841326734,0.7660589260482485,0.7928935157972369,0.8299250604784453,0.872500847366284,0.9193440073450034,0.9598847302809849,0.9897009820739343,1.002317698046756,1.0931025572429074,1.155594617685619,1.2489351641020852,1.292256768332293,1.299504874995497,1.5759591151277907,1.5771108351856096,4.403728745463346,4.43406171978305,5.167947087065448,5.2279626372025705],"condition_number":7.230582121556643,"optimal_damping":0.336}