{"kgrid":[3,3,1],"mixing":"RestaMixing(0.082, 2.4, 1.0)","temperature":0.001,"Ecut":20,"lattice":[[7.653390808104204,0.0,0.0],[0.0,7.653390808104204,0.0],[0.0,0.0,38.26695404052102]],"n_electr":60,"n_bands":36,"diag_lattice":[7.653390808104204,7.653390808104204,38.26695404052102],"α":0.082,"energies":[-41.282832522627054,-41.283112567117215,-37.69249830127201,-40.89977803785126,-41.36612595904468,-41.43006995946718,-41.441625744117104,-41.44572866703778,-41.44546178416438,-41.44586936086142,-41.446400892587015,-41.44702387780178,-41.44712423174875,-41.447112834188005,-41.44713268664396,-41.44713346625663,-41.447133884644145,-41.44713390365962,-41.44713393232348,-41.44713394016571,-41.447133940221484,-41.447133940442576,-41.44713394043668,-41.44713394043668],"smearing":"DFTK.Smearing.Gaussian()","fft_size":[25,25,120],"n_kirred":9}