{"kgrid":[3,3,1],"mixing":"RestaMixing(0.336, 14, 1.0)","temperature":0.001,"Ecut":20,"lattice":[[7.653390808104204,0.0,0.0],[0.0,7.653390808104204,0.0],[0.0,0.0,38.26695404052102]],"n_electr":60,"n_bands":36,"diag_lattice":[7.653390808104204,7.653390808104204,38.26695404052102],"α":0.336,"energies":[-41.25487352096325,-41.317131317227755,-38.806368203235635,-41.44156894685125,-41.446723169220824,-41.44674973515124,-41.447124895870694,-41.447114791766424,-41.447120173806525,-41.44713323251791,-41.447133933387384,-41.447133932554955,-41.44713393634096,-41.44713394024923,-41.44713394043066,-41.447133940461434,-41.44713394046206,-41.44713394046206],"smearing":"DFTK.Smearing.Gaussian()","fft_size":[25,25,120],"n_kirred":9}