{"residual_norms":[0.007142207308184227,0.01575428379551385,0.031607011853383146,0.03427713604806709,0.0400942777339371,0.039239299251507515,0.03863635194498615,0.018995479196718613,0.05948673397281408,0.09842229110553112,0.03500368744007972,0.05631445460161203,0.04289322957157399,0.04123369696758657,0.015852218011497964,0.0008717043974380518,0.0028945304723065595,1.5070705597690028e-6,4.577390689548316e-7,8.077157281285936e-9,1.051837672804668e-9,2.5185728866712755e-14,3.4467646142017434e-14,1.6626236564721727e-14,4.214746454971175e-14],"eigenvalues":[0.7734784718379519,0.7949111284913208,0.817723727226999,0.8519526999505858,0.8976692551568167,0.9427113967035344,0.9806193909913735,0.9930009335689248,1.1384976014171206,1.2060664031683566,1.2794420086157847,1.4070430355924401,1.448908696178251,1.5177007415058732,1.5453872232838297,1.7831700741902565,1.7892621563891393,2.1993442479133014,2.2044261369512883,2.6126991577485272,2.6210173804341874,12.724358432231716,12.809243891474235,23.36306739935848,23.62546370245148],"condition_number":30.54443602846796,"optimal_damping":0.082}