{"kgrid":[4,4,1],"mixing":"RestaMixing(0.5, 14, 1.0)","temperature":0.0,"Ecut":20,"lattice":[[0.0,5.341452623065961,5.341452623065961],[5.341452623065961,0.0,5.341452623065961],[213.65810492263842,213.65810492263842,0.0]],"n_electr":320,"n_bands":173,"diag_lattice":[0.0,0.0,0.0],"α":0.5,"energies":[-322.8585134772474,-335.71875984130526,-341.0852892775983,-341.2274855661474,-341.31448103749716,-341.3181981088236,-341.319131111194,-341.31918667594863,-341.31920030044125,-341.3192005476657,-341.31920063371626,-341.3192006390297,-341.31920064072506,-341.3192006409135,-341.3192006409213,-341.3192006409213],"smearing":"DFTK.Smearing.None()","fft_size":[25,25,960],"n_kirred":16}