{"kgrid":[4,4,1],"mixing":"KerkerMixing(1.76, 1.0)","temperature":0.0,"Ecut":20,"lattice":[[0.0,5.341452623065961,5.341452623065961],[5.341452623065961,0.0,5.341452623065961],[213.65810492263842,213.65810492263842,0.0]],"n_electr":320,"n_bands":173,"diag_lattice":[0.0,0.0,0.0],"α":1.76,"energies":[-336.0299671444411,-332.5180808583277,-341.2992181200609,-341.31569496876136,-341.3166886696759,-341.31679473404574,-341.317001387955,-341.3170825958333,-341.31723129393924,-341.3173256007085,-341.31751523838807,-341.3176474651473,-341.3178840259129,-341.31818724998425,-341.3183919812932,-341.3185251362987,-341.3186332185667,-341.31874728729997,-341.3188134192654,-341.3188789364209,-341.3189685477828,-341.31904530514487,-341.3191186998547,-341.31915769845875,-341.3191851887435,-341.319195874318,-341.31919879815155,-341.3192001238874,-341.31920047220694,-341.31920056204444,-341.3192005785576,-341.31920060730283,-341.3192006151721,-341.3192006263208,-341.31920063607373,-341.31920063962264,-341.3192006404644,-341.31920064084625,-341.3192006408552,-341.3192006408552],"smearing":"DFTK.Smearing.None()","fft_size":[25,25,960],"n_kirred":16}