{"residual_norms":[2.9487455384489673e-5,0.00026727116468450905,0.0007873168952039912,0.002110260234332965,0.04614917094433726,0.03342621238558504,0.03750583497566816,0.09353668696410525,0.0695203814612247,0.08640294966885374,0.07766164760572072,0.05367561203174932,0.06921858913896248,0.06828064068258968,0.06632242312350967,0.053415867924412795,0.040848306974727897,0.022371298770081968,0.009446713228486147,0.020763561066742972,0.02647090440797552,0.014834469340265803],"eigenvalues":[0.011156523249082007,0.03681173537870659,0.07028975390173035,0.1081894981487316,0.1762574592178675,0.2207934786476662,0.2853058645570459,0.3528571182811941,0.39564176562467623,0.5089225484040039,0.5910363454604526,0.6550448395986908,0.7253153423837826,0.7968548565810072,0.8495282467745935,0.9061240420552553,0.9511060089076907,0.9848085601190268,0.9952478401207882,1.1111082040618858,1.1207969958307327,1.1261904099937925],"condition_number":100.94456712457072,"optimal_damping":1.76}