{"kgrid":[4,4,1],"mixing":"SimpleMixing(0.106)","temperature":0.0,"Ecut":20,"lattice":[[0.0,5.341452623065961,5.341452623065961],[5.341452623065961,0.0,5.341452623065961],[213.65810492263842,213.65810492263842,0.0]],"n_electr":320,"n_bands":173,"diag_lattice":[0.0,0.0,0.0],"α":0.106,"energies":[-323.557900559777,-329.03831869214633,-337.2000337787992,128909.24691652255,98797.15578363136,162807.5936873426,186307.7750628956,193126.47559686258,7049.724574005553,54184.26976216751,53283.79823617627,42439.90484674613,22431.138260723445,48706.10693241979,80090.21384652988,229151.7884751273,185945.44680025705,94470.86214485993,152803.03937904525,50050.63459130545,201641.93004572458,73487.69488673478,97116.91530897729,37064.29905423024,65715.92767010731,58125.179724523885,84067.76417137326,186723.77898307148,185320.6195133682,28741.477604865824,215295.83076582156,195454.43516376446,144468.90605326908,105187.46928691847,229067.86178348685,228277.49517942898,183850.69096065997,217052.91505067487,158839.36402163169,228195.0642020607,230232.89257997385,220397.10707361271,160353.00020220553,190543.86477801326,217174.53712032494,228553.91766878427,185409.57409082857,111379.6675123325,228241.41480293524,182886.78435676676,182886.78435676676],"smearing":"DFTK.Smearing.None()","fft_size":[25,25,960],"n_kirred":16}