{"residual_norms":[0.03976543499806458,0.2972151570959689,0.5332045724809561,0.8815476651350745,0.8692722549889171,1.1420301765498848,0.8547329525058763,1.5660889043782251,0.41073085789105235,0.2476003957002191,0.01978967997200467,0.01466074998691895,0.032560299167251575],"eigenvalues":[0.9977332185989526,1.0469328744814574,1.6683270465123925,2.603078878964793,4.0753493488832095,5.665554482784669,8.21375468394529,9.704164807919708,11.462504064092082,12.984182585091457,15.006534694440802,17.856690018427706,17.919106959165912],"condition_number":17.9598179404395,"optimal_damping":0.106}