{"residual_norms":[0.014369011470721019,0.035403014524158366,0.06650909122110424,0.08636190044178486,0.09312681647144452,0.08293482309167027,0.022536095671501877,0.21567735458816997,0.3435645808012866,0.18595479547065402,0.09485442845536839,0.0933109400897653,0.1194192300533327,0.07063404552590202,0.08565173579323732,0.02547714915295816,0.015178208885668253,0.009656723042874413,0.002669544516806105,0.0033487683388693404,0.24115776136463768,0.001228878475160609,0.0074691661613371435,0.013739934262719092,4.0296869637026956e-5,0.000317034725788355,9.945674183387155e-7,7.067125917300142e-7,1.0863491296890249e-9,3.5674976737886614e-9,1.53099988886247e-14,6.867132542362653e-15],"eigenvalues":[0.6649955502907559,0.6990365371005438,0.7461431903087128,0.8046378693539841,0.8806339952540727,0.951209698293143,0.9925845113468426,1.0932260301231167,1.230397537573883,1.3805796319371293,1.4864604179823364,1.8964317097519456,1.9811514367755843,2.2030836700686005,2.3403526495425093,2.651127003864776,2.8513394596728743,3.0806196078681523,3.341484919203665,3.6416877277250705,3.9395196690068497,3.9871538562868376,4.388615565570511,4.389595942655201,4.864837427016217,4.869349635925738,5.463709054819708,5.465292650184396,6.285459907087739,6.290963983697131,7.460147236898747,7.485850759365764],"condition_number":11.256993758969857,"optimal_damping":0.245}