{"kgrid":[4,4,1],"mixing":"RestaMixing(0.245, 2.4, 1.0)","temperature":0.0,"Ecut":20,"lattice":[[0.0,5.341452623065961,5.341452623065961],[5.341452623065961,0.0,5.341452623065961],[213.65810492263842,213.65810492263842,0.0]],"n_electr":320,"n_bands":173,"diag_lattice":[0.0,0.0,0.0],"α":0.245,"energies":[-336.02995308027124,-338.59740479482014,-341.22945856025615,-299.5225324940311,139236.1591342676,29373.584063893577,30973.860537272718,21987.61110544159,32244.53195095001,66461.00083299093,51942.98570976491,51296.917950441595,58700.84811817811,52833.932423484446,50735.66278158759,92674.4924064519,229506.39286200723,202226.34887559022,219031.53390236627,192430.23943409201,222320.14824825796,46142.293815467565,157553.9028607988,154592.50274139422,142634.54139868493,106483.93184217272,231179.59514377202,227754.9828271999,163555.52840456663,211316.1778360443,176983.29361947245,176495.56482101142,203816.331979957,60666.96317055221,228615.29785724264,166043.0965029398,199494.023233814,224242.85635170646,220137.19807962916,218016.6263807096,162202.54687080806,220068.7422539646,191244.2879372565,221370.4050209075,229907.98337264985,223355.62267002393,184843.9389582042,227501.47121397685,175143.6256973099,215903.14618842924,215903.14618842924],"smearing":"DFTK.Smearing.None()","fft_size":[25,25,960],"n_kirred":16}