{"kgrid":[4,4,1],"mixing":"RestaMixing(1.08, 14, 1.0)","temperature":0.0,"Ecut":20,"lattice":[[0.0,5.341452623065961,5.341452623065961],[5.341452623065961,0.0,5.341452623065961],[213.65810492263842,213.65810492263842,0.0]],"n_electr":320,"n_bands":173,"diag_lattice":[0.0,0.0,0.0],"α":1.08,"energies":[-336.02996741524146,-341.1055706428659,-341.30493814956384,-341.31768183340654,-341.3190521859864,-341.3191764520075,-341.31920047282347,-341.31920060383356,-341.3192006399802,-341.3192006408221,-341.3192006409199,-341.3192006409215,-341.3192006409215],"smearing":"DFTK.Smearing.None()","fft_size":[25,25,960],"n_kirred":16}