{"residual_norms":[0.006987533148990176,0.0209994515802255,0.04300202857653609,0.04572694940856257,0.048179536675636195,0.02232818662233123,0.04071227116946346,0.05040841689937625,0.06078181052558638,0.05804836142548433,0.06035369924303477,0.05213787534828119,0.02434731059531874,0.03602321683633948,0.031973652164979854,0.009647151602349828,0.030418642721928638,0.006477206811791374,4.7710119578330936e-5,1.7605236886351194e-5],"eigenvalues":[0.4995924768769705,0.519984545401081,0.5329368615350939,0.578467808885998,0.6031889958204982,0.653943548896441,0.7180046675367765,0.7645632106071991,0.8078558115713266,0.8701472945496933,0.9285117285346333,0.9798672605779685,0.9950271946893418,1.099983395418152,1.1300805426504317,1.1834904477628185,1.2242612632782606,1.2308251535747552,1.3566812251137352,1.3603132648642406],"condition_number":2.7228457749559567,"optimal_damping":1.08}