{"kgrid":[3,4,1],"mixing":"HybridMixing(0.5, 14, 1.0, identity, true, false)","temperature":0.001,"Ecut":20,"lattice":[[15.10790948462645,0.0,0.0],[0.0,10.682905246131922,0.0],[0.0,0.0,79.44831478990889]],"n_electr":280,"n_bands":152,"diag_lattice":[15.10790948462645,10.682905246131922,79.44831478990889],"α":0.5,"energies":[-250.93400737841412,-252.42749180518692,-252.69439108113568,-252.77191279325453,-252.7967298324127,-252.79789817256184,-252.79950078877914,-252.7995471638301,-252.79954853988872,-252.7995510421761,-252.79955115207972,-252.79955120729818,-252.79955121238436,-252.79955121306367,-252.79955121323397,-252.79955121324534,-252.7995512132523,-252.7995512132523],"smearing":"DFTK.Smearing.Gaussian()","fft_size":[48,36,243],"n_kirred":12}