{"residual_norms":[0.008422623814591277,0.028655823306932213,0.06395899419608006,0.08830165771416043,0.11837519793036838,0.14310171641832148,0.1394558425187885,0.04573587145862378,0.16516639621799298,0.11658891337214101,0.11615582493428375,0.0902179048916327,0.09004026966259317,0.08419533296434448,0.031641707082116846,0.007342142823748171,0.008270631970317051,0.00029944754256819837,0.00015398329783886938],"eigenvalues":[0.37785927615120496,0.44107552594797544,0.5137508053809056,0.5961560136754598,0.7048987680084728,0.7983124426168798,0.9052205872363756,0.991069876476277,1.1089659758833608,1.2352194797189475,1.4451636211839662,1.6516705472733475,1.7789846047382667,1.9661986200198187,2.068409679205699,2.2247103666332553,2.4143214969876445,2.689980553258239,2.71381532685891],"condition_number":7.182079409300895,"optimal_damping":0.647}