{"residual_norms":[0.00024039682902479362,0.021609337724897298,0.026838623963195314,0.029704844439620202,0.038337938508868,0.040848250679973094,0.05105476748513561,0.0555676426496225,0.05592679732454908,0.060965644262646924,0.06605664622298024,0.06889420174976629,0.06526292806865164,0.06231276762039037,0.061627757751744824,0.05944182827069932,0.03553808481212472,0.022088043479726222,0.05192787973048869,0.02711392657850508,0.03035277632328834,0.008482165442229033],"eigenvalues":[0.3182735090848685,0.3528025663308605,0.36263014380995534,0.3918090940649304,0.4260972771212637,0.46680472237647663,0.5076811895448692,0.5463614014501619,0.6051061487412093,0.64937291462193,0.6992079980147874,0.7529235352030018,0.8136654655877428,0.8566928606315589,0.9134269803887904,0.9261742920416204,0.9712665025264354,0.9907332160790303,1.0364544022957825,1.0475533340729262,1.0677073815435,1.111554658264957],"condition_number":3.4924510728555727,"optimal_damping":1.4}