{"kgrid":[3,4,1],"mixing":"HybridMixing(1.4, 14, 1.0, identity, true, false)","temperature":0.001,"Ecut":20,"lattice":[[15.10790948462645,0.0,0.0],[0.0,10.682905246131922,0.0],[0.0,0.0,79.44831478990889]],"n_electr":280,"n_bands":152,"diag_lattice":[15.10790948462645,10.682905246131922,79.44831478990889],"α":1.4,"energies":[-250.9339002033377,-251.9549004733507,-252.77529881631875,-252.79857479002888,-252.79952820964346,-252.7995463533455,-252.79955075593952,-252.7995511061191,-252.79955120566825,-252.79955121235704,-252.7995512132002,-252.79955121324585,-252.7995512132526,-252.7995512132526],"smearing":"DFTK.Smearing.Gaussian()","fft_size":[48,36,243],"n_kirred":12}