{"kgrid":[3,4,1],"mixing":"HybridMixing(0.647, 1, 1.0, identity, true, false)","temperature":0.001,"Ecut":20,"lattice":[[15.10790948462645,0.0,0.0],[0.0,10.682905246131922,0.0],[0.0,0.0,79.44831478990889]],"n_electr":280,"n_bands":152,"diag_lattice":[15.10790948462645,10.682905246131922,79.44831478990889],"α":0.647,"energies":[-250.93385761431475,-252.76381295610557,-252.79698566737855,-252.79913469609284,-252.79910490177878,-252.7994016037632,-252.7995268393588,-252.79954979635548,-252.79955089349352,-252.79955116130878,-252.79955119239239,-252.79955120700214,-252.79955121163374,-252.79955121287512,-252.79955121317943,-252.799551213239,-252.79955121325045,-252.79955121325256,-252.79955121325256],"smearing":"DFTK.Smearing.Gaussian()","fft_size":[48,36,243],"n_kirred":12}