{"kgrid":[3,4,1],"mixing":"KerkerMixing(1.17, 1.0)","temperature":0.001,"Ecut":20,"lattice":[[15.10790948462645,0.0,0.0],[0.0,10.682905246131922,0.0],[0.0,0.0,79.44831478990889]],"n_electr":280,"n_bands":152,"diag_lattice":[15.10790948462645,10.682905246131922,79.44831478990889],"α":1.17,"energies":[-250.93392419412854,-252.300545322986,-252.57283079284838,-252.72869806867726,-252.77800599353685,-252.78882819344622,-252.79410929350504,-252.79665998960166,-252.79903685932123,-252.79953326181274,-252.79955046159836,-252.7995511435599,-252.79955119364269,-252.79955120602168,-252.79955121045418,-252.7995512131088,-252.79955121323593,-252.7995512132525,-252.79955121325324,-252.79955121325324],"smearing":"DFTK.Smearing.Gaussian()","fft_size":[48,36,243],"n_kirred":12}