{"residual_norms":[0.00010278380861284161,0.004047208404972424,0.016385218601722262,0.03545516784296067,0.07195682172410933,0.074432067189228,0.0832999998951272,0.07670383746391858,0.022199052843207265,0.10782594920521418,0.11375794938680373,0.025961687984784515,0.009188669664255921,1.4511332944136844e-5],"eigenvalues":[0.17009636074138967,0.27091253716923075,0.3993292052695295,0.45385971069350445,0.5834342826510591,0.680265529646371,0.7968878387415685,0.9101775481828408,0.987867943885263,1.08790637788303,1.1476427440992656,1.2476750524701603,1.3474666095177272,1.53384711158689],"condition_number":9.017518687062996,"optimal_damping":1.17}