{"kgrid":[3,4,1],"mixing":"SimpleMixing(0.0138)","temperature":0.001,"Ecut":20,"lattice":[[15.10790948462645,0.0,0.0],[0.0,10.682905246131922,0.0],[0.0,0.0,79.44831478990889]],"n_electr":280,"n_bands":152,"diag_lattice":[15.10790948462645,10.682905246131922,79.44831478990889],"α":0.0138,"energies":[-250.9338004292569,-252.64148157261752,-252.6330821261479,-230.95832447017546,-243.5144974018131,-251.92227268837541,-252.3591166430557,-252.59174761802166,-252.69348423447852,-252.65107540090162,-252.68976140045186,-252.67421453704628,-252.76914754454162,-252.7473837361763,-252.79318017828336,-252.7962523206736,-252.7757827868383,-252.79821153322195,-252.7987274077637,-252.79878756514404,-252.79820089474603,-252.79871459214854,-252.79927501227706,-252.7994378002323,-252.79944730597416,-252.79949628014148,-252.79951336979636,-252.79950808856353,-252.79953612043622,-252.7995381013608,-252.79954886881038,-252.7995498694034,-252.79954943521577,-252.7995494713138,-252.79955056717296,-252.79955030558529,-252.79955102793213,-252.79955097782704,-252.79955095859512,-252.7995510634807,-252.79955118445167,-252.7995511619432,-252.79955118053718,-252.79955120055646,-252.79955119939376,-252.79955120962728,-252.7995512088114,-252.79955121169482,-252.79955121233087,-252.79955121244225,-252.79955121244225],"smearing":"DFTK.Smearing.Gaussian()","fft_size":[48,36,243],"n_kirred":12}