{"residual_norms":[0.01745233824530653,0.49116251533714644,0.7990551877149348,1.3581623815750985,0.5389630529071359,1.4393456276924756,0.3722060039127372,0.003426275787944373,0.0008249142747763867,2.649894619720552e-8,1.3088419437816596e-10],"eigenvalues":[0.9976126574740153,1.2896586758664599,2.6137507023725792,5.057320831419644,7.926311910247445,11.794291969004792,12.874743884564612,24.81200634041809,28.89578307384055,79.97936309109498,143.67028381539876],"condition_number":144.01409478822788,"optimal_damping":0.0138}