{"kgrid":[3,4,1],"mixing":"RestaMixing(0.17, 14, 1.0)","temperature":0.001,"Ecut":20,"lattice":[[15.10790948462645,0.0,0.0],[0.0,10.682905246131922,0.0],[0.0,0.0,79.44831478990889]],"n_electr":280,"n_bands":152,"diag_lattice":[15.10790948462645,10.682905246131922,79.44831478990889],"α":0.17,"energies":[-250.9335689744834,-252.6651546926296,-252.2546938218531,-252.54303462564548,-251.4463020922993,-252.76126231412385,-252.77362613429656,-252.79723911586157,-252.79284870271627,-252.79924482236112,-252.79928707373278,-252.7995256810009,-252.79953743284298,-252.79954769442782,-252.799549827632,-252.7995511236862,-252.79955118658074,-252.79955094788883,-252.79955119897187,-252.79955121175186,-252.79955121283854,-252.7995512122122,-252.79955121274776,-252.79955121316385,-252.7995512132523,-252.7995512132449,-252.7995512132449],"smearing":"DFTK.Smearing.Gaussian()","fft_size":[48,36,243],"n_kirred":12}