{"residual_norms":[0.009247779556732345,0.026723679032460996,0.03995710492503349,0.0639662255477835,0.06208465990811125,0.07160519618199128,0.0748955806653468,0.06809611304568067,0.03563784003038308,0.10560247692824952,0.047477117760145106,0.04214478153129358,0.029114376598757107,0.013199793974747031,8.677294105265987e-5,4.0984752556365185e-6,4.5580001402269906e-11,4.359617477562276e-12,6.3732617491322375e-15,3.836557347174182e-15],"eigenvalues":[0.5017518834663155,0.5376893319585645,0.5774773276001066,0.6337738507807493,0.7099695633590205,0.7808861224873374,0.8625742970749771,0.9375999038009194,0.9882087136758607,1.0103657738807668,1.1865339660864815,1.2477713620837856,1.3572887305236803,1.3897796478888234,1.616021876485381,1.8034909361442888,2.797676468149602,2.96734871577014,6.5689958709023335,11.232539442248871],"condition_number":22.3866413109398,"optimal_damping":0.17}