{"kgrid":[4,4,1],"mixing":"SimpleMixing(0.128)","temperature":0.0,"Ecut":20,"lattice":[[0.0,5.341452623065961,5.341452623065961],[5.341452623065961,0.0,5.341452623065961],[106.82905246131921,106.82905246131921,0.0]],"n_electr":160,"n_bands":89,"diag_lattice":[0.0,0.0,0.0],"α":0.128,"energies":[-170.62079646659487,-170.63267557331227,-170.6473955353494,-169.9606387705764,96.32464504805486,-170.63491891214886,-170.6474308885361,-170.6443313628955,-170.63765399311688,-170.64493866985976,-170.64984291695535,-170.6503585412185,-170.65179689516748,-170.65282264606662,-170.6529126936082,-170.65336767162074,-170.6569107965636,-170.6573538971678,-170.6584803632768,-170.65886697538622,-170.65890940240735,-170.65891102068082,-170.658912539688,-170.65891254775866,-170.65891256596672,-170.65891256681655,-170.65891257012117,-170.65891257028164,-170.65891257033564,-170.65891257034616,-170.65891257040008,-170.65891257040025,-170.65891257040025],"smearing":"DFTK.Smearing.None()","fft_size":[25,25,480],"n_kirred":16}