{"kgrid":[4,4,1],"mixing":"SimpleMixing(0.128)","temperature":0.0,"Ecut":20,"lattice":[[0.0,5.341452623065961,5.341452623065961],[5.341452623065961,0.0,5.341452623065961],[106.82905246131921,106.82905246131921,0.0]],"n_electr":160,"n_bands":89,"diag_lattice":[0.0,0.0,0.0],"α":0.128,"energies":[-170.6207966359259,-170.63267604277488,-170.64015385849893,-170.64493076058272,-170.6481466507588,-170.65043004650892,-170.65215942435728,-170.6535624695204,-170.65471837283758,-170.65567029913848,-170.65643990031958,-170.65704622789877,-170.65750516645184,-170.65784733123135,-170.65810020832728,-170.65826835936178,-170.65842135910447,-170.65853760329904,-170.65862650961367,-170.6586960195747,-170.65874961739988,-170.6587903499877,-170.65882103541082,-170.65884411077263,-170.65886135785178,-170.65887423676946,-170.6588838224307,-170.65889094855626,-170.65889625812775,-170.65890022665198,-170.6589032047001,-170.65890544797358,-170.65890714606422,-170.65890842481946,-170.65890939780422,-170.65891013673058,-170.65891069966634,-170.65891113024315,-170.65891146021022,-170.65891171378212,-170.6589119091357,-170.65891205977388,-170.65891217590163,-170.65891226565878,-170.6589123347745,-170.65891238829042,-170.658912429608,-170.6589124615427,-170.65891248621887,-170.65891250525925,-170.65891251994321,-170.65891253126398,-170.6589125399935,-170.65891254673278,-170.6589125519547,-170.65891255601488,-170.65891255917356,-170.65891256165023,-170.65891256358452,-170.65891256509525,-170.65891256627407,-170.65891256719323,-170.65891256791048,-170.65891256846908,-170.65891256890373,-170.6589125692413,-170.65891256950417,-170.6589125697077,-170.6589125698663,-170.65891256998916,-170.65891257008428,-170.65891257015767,-170.6589125702143,-170.65891257025817,-170.65891257029205,-170.65891257031794,-170.65891257033823,-170.6589125703539,-170.65891257036606,-170.65891257037526,-170.65891257037526],"smearing":"DFTK.Smearing.None()","fft_size":[25,25,480],"n_kirred":16}