{"kgrid":[4,4,1],"mixing":"SimpleMixing(0.128)","temperature":0.0,"Ecut":20,"lattice":[[0.0,5.341452623065961,5.341452623065961],[5.341452623065961,0.0,5.341452623065961],[106.82905246131921,106.82905246131921,0.0]],"n_electr":160,"n_bands":89,"diag_lattice":[0.0,0.0,0.0],"α":0.128,"energies":[-170.6207950897271,-170.63267563104358,-170.64741170068447,-169.95944592855645,95.08491548930539,-170.63577209148644,-170.64749534928902,-170.54889117080748,-170.31740965292425,-169.57323364756792,-169.990151041429,-170.6366510432423,-170.54366318804915,-170.55006061478798,-170.6365827597835,-170.64589173604463,-170.65513087190834,-170.65872758892343,-170.65825741049312,-170.6586295471853,-170.65578858009644,-170.65631475311505,-170.65692856308755,-170.65828118659527,-170.6585502461084,-170.65887879979215,-170.65890548238048,-170.65890867141917,-170.65891195669303,-170.65891241862272,-170.65891255692304,-170.65891256852714,-170.6589125692245,-170.65891256932102,-170.65891256969326,-170.65891257026277,-170.65891257027025,-170.65891257027025],"smearing":"DFTK.Smearing.None()","fft_size":[25,25,480],"n_kirred":16}