{"residual_norms":[0.004635391116360349,0.005817461089666973,0.016923344811512423,0.0775786670958046,0.09219107977683287,0.11150896624056514,0.12836032268748626,0.13036856784373455,0.1234978228122043,0.09237822382748674,0.12283373635108195,0.11933480571253058,0.024266018100366132,0.4537255203556942,0.03883397170171544,0.029685441061312375,0.03897682802142776,0.02425064962772096,0.007294990502666562],"eigenvalues":[0.14554063489609367,0.2387646580515159,0.3106081571683129,0.3714560501264611,0.480643987717482,0.5697520166605549,0.686237715817695,0.7984657869044486,0.9084260919184717,0.9890613367895107,1.007179030239121,1.0907771948495117,1.2222065406244207,1.472579515884446,1.8599481162626952,1.90210510225605,1.9640162392504208,1.9867498406605244,2.032039740530757],"condition_number":13.962009592589025,"optimal_damping":0.918}