{"kgrid":[3,5,1],"mixing":"HybridMixing(0.918, 14, 1.0, var\"#2689#2697\"{Int64,var\"#periodise#2696\"}(30, var\"#periodise#2696\"(), Core.Box(0.9586679796624162), Core.Box(1.5413320201832956)), true, false)","temperature":0.0,"Ecut":20,"lattice":[[16.317403238715276,0.0,0.0],[0.0,10.3529207220839,0.0],[0.0,0.0,50.74990242736377]],"n_electr":248,"n_bands":136,"diag_lattice":[16.317403238715276,10.3529207220839,50.74990242736377],"α":0.918,"energies":[-524.6785324278518,-525.2125794351639,-525.5786541451989,-525.6778607663747,-525.6791922713511,-525.6796222473164,-525.6799162781617,-525.6800452065067,-525.6800966804606,-525.6801209314848,-525.6801305028637,-525.6801336336249,-525.6801353688912,-525.6801361044464,-525.6801364180786,-525.680136585718,-525.6801366406578,-525.6801366592995,-525.680136662096,-525.6801366625455,-525.6801366625962,-525.6801366625947,-525.6801366625947],"smearing":"DFTK.Smearing.None()","fft_size":[54,36,160],"n_kirred":15}