{"kgrid":[3,5,1],"mixing":"HybridMixing(0.5, 14, 1.0, var\"#326#334\"{Int64,var\"#periodise#333\"}(30, var\"#periodise#333\"(), Core.Box(0.9586679796624162), Core.Box(1.5413320201832956)), true, false)","temperature":0.0,"Ecut":20,"lattice":[[16.317403238715276,0.0,0.0],[0.0,10.3529207220839,0.0],[0.0,0.0,50.74990242736377]],"n_electr":248,"n_bands":136,"diag_lattice":[16.317403238715276,10.3529207220839,50.74990242736377],"α":0.5,"energies":[-524.6785268606321,-525.6248457260496,-525.6697511791912,-525.6775134780537,-525.6787936165581,-525.6793941264319,-525.6798712318032,-525.680030076658,-525.6800904022991,-525.6801153940556,-525.6801277561191,-525.6801328649234,-525.6801347891094,-525.6801358302043,-525.6801362736858,-525.6801365335629,-525.6801366316765,-525.6801366491293,-525.6801366615155,-525.6801366623903,-525.6801366625676,-525.6801366625841,-525.680136662583,-525.680136662583],"smearing":"DFTK.Smearing.None()","fft_size":[54,36,160],"n_kirred":15}