{"residual_norms":[0.016865535166702368,0.027755110752213766,0.02936757993312838,0.008319485907031852,0.06835020743948327,0.0740175014428721,0.05840525251855292,0.09782704846741938,0.08622968364399551,0.12223525653555135,0.16753357233588353,0.1387957275404928,0.11876926022394041,0.16404312737580695,0.17724110585489283,0.2389049184662748,0.091489323661101,0.13498056497878733,0.08122198991034661,0.05414242585656453,0.06134384857756709,0.15518295855361716,0.09737487054529732,0.03978343718156641,0.029517788864793778,0.08063512609037943,0.007046776099317755,0.005758456460375046,0.00015668631778080225],"eigenvalues":[0.9477544427466976,0.9655450763795523,0.9852270835741933,0.9997607652204391,1.027084597778988,1.0889545177313897,1.1595242767382503,1.2245085745724367,1.3209131708409256,1.4201556778818631,1.5298746658242162,1.624173553345356,1.7209103371229764,1.854735845603368,1.9875208510849236,2.094371980437837,2.233407484213642,2.3561735531349557,2.43513560163443,2.5939983785347906,2.672927795324389,2.7854713288188075,2.8577106436724087,2.9353261324051227,2.990942470878635,3.041947311506937,3.105055174144972,3.128514259393331,3.1642781194712115],"condition_number":3.3387109326554905,"optimal_damping":0.486}