{"kgrid":[3,5,1],"mixing":"HybridMixing(0.486, 1, 1.0, identity, true, false)","temperature":0.0,"Ecut":20,"lattice":[[16.317403238715276,0.0,0.0],[0.0,10.3529207220839,0.0],[0.0,0.0,50.74990242736377]],"n_electr":248,"n_bands":136,"diag_lattice":[16.317403238715276,10.3529207220839,50.74990242736377],"α":0.486,"energies":[-524.6785379192978,-525.6072387148121,-525.6557387719486,-525.676998398387,-525.6799398932926,-525.6801258401481,-525.6801358494157,-525.6801365662958,-525.6801366532827,-525.6801366619607,-525.6801366625433,-525.6801366625637,-525.6801366625767,-525.6801366626078,-525.6801366625905,-525.6801366626004,-525.6801366626004],"smearing":"DFTK.Smearing.None()","fft_size":[54,36,160],"n_kirred":15}