{"kgrid":[3,5,1],"mixing":"HybridMixing(0.939, 14, 1.0, identity, true, false)","temperature":0.0,"Ecut":20,"lattice":[[16.317403238715276,0.0,0.0],[0.0,10.3529207220839,0.0],[0.0,0.0,50.74990242736377]],"n_electr":248,"n_bands":136,"diag_lattice":[16.317403238715276,10.3529207220839,50.74990242736377],"α":0.939,"energies":[-524.6785345623537,-525.1623195443698,-525.5676913095584,-525.6770552708311,-525.6785887127305,-525.6791048587331,-525.679533923155,-525.679791306673,-525.6799345952381,-525.6800489652112,-525.680103184066,-525.6801219223108,-525.6801317751551,-525.6801344864923,-525.6801355537033,-525.6801361834085,-525.6801365207073,-525.6801366138529,-525.6801366454052,-525.6801366567429,-525.6801366593103,-525.6801366609656,-525.6801366617717,-525.6801366622501,-525.6801366624238,-525.680136662538,-525.6801366625901,-525.6801366625983,-525.6801366625983],"smearing":"DFTK.Smearing.None()","fft_size":[54,36,160],"n_kirred":15}