{"residual_norms":[0.0036076190956126353,0.025403180306822443,0.046998193185024975,0.07224006200994794,0.07889197905561157,0.059333585733948174,0.09594028146419631,0.09297197508547772,0.09472347346669284,0.09454268952754126,0.0832223383410422,0.06361244025872534,0.02603231252616187,0.07148018375187841,0.10882614477476912,0.017276497523269974,0.19409393668205574,0.10487361468096817,0.11657994305139378,0.11044270463167427,0.05896742814334335,0.028499477717516236,0.011522716335238907],"eigenvalues":[0.10305272160564913,0.1674559859153472,0.19719147864405384,0.24562348414487634,0.30934817868228104,0.39083455459178035,0.4761274267768492,0.5738254858543392,0.6794756289215743,0.7770002639965551,0.8731432373964135,0.9538927450445288,0.9906628216315703,1.0413011274973956,1.1746515413206646,1.2190024918295772,1.812814012347423,1.8587984129073238,1.8970748446211168,1.9263029065170911,1.966594240593676,1.9950349635289994,2.027970809161178],"condition_number":19.67896410268129,"optimal_damping":0.939}