{"kgrid":[3,5,1],"mixing":"KerkerMixing(0.989, 1.0)","temperature":0.0,"Ecut":20,"lattice":[[16.317403238715276,0.0,0.0],[0.0,10.3529207220839,0.0],[0.0,0.0,50.74990242736377]],"n_electr":248,"n_bands":136,"diag_lattice":[16.317403238715276,10.3529207220839,50.74990242736377],"α":0.989,"energies":[-524.6785361547485,-525.0547795215246,-525.5447630658109,-525.6747293390295,-525.6764588922066,-525.6769453318368,-525.6774570807771,-525.677817371204,-525.6780660124393,-525.6783813228233,-525.6785930374442,-525.6787833567936,-525.6790289550794,-525.679265160278,-525.6794513016916,-525.6796326713526,-525.679774738739,-525.679878404303,-525.6799332380382,-525.6799816429726,-525.6800371727211,-525.680080787517,-525.6801089193011,-525.6801307280433,-525.6801349651107,-525.6801352751477,-525.6801356678266,-525.6801357510697,-525.6801358235037,-525.680135882505,-525.6801359759831,-525.6801360475446,-525.6801362060811,-525.6801363606932,-525.6801365101649,-525.6801365825154,-525.6801366192068,-525.6801366403521,-525.6801366520093,-525.6801366546734,-525.6801366560816,-525.6801366579746,-525.6801366591598,-525.6801366601269,-525.6801366607767,-525.6801366612577,-525.6801366616938,-525.680136662088,-525.6801366623465,-525.6801366625234,-525.6801366625234],"smearing":"DFTK.Smearing.None()","fft_size":[54,36,160],"n_kirred":15}