{"residual_norms":[0.0003600625745581788,0.008746653697269477,0.06588227205760938,0.12478938335014299,0.0664796894433978,0.09259176839064048,0.09943233088819721,0.10045490990434913,0.10654350903984257,0.10026665652351435,0.09329020298937082,0.05263949790904273,0.08132832824960451,0.15026872537728295,0.02067576442149239,0.35592481032135426,0.07566886643808578,0.06435496543690943,0.03304491116500598,0.010425374178124513,0.003943216226123343],"eigenvalues":[0.020909641966442155,0.08390379415631417,0.1545747092975623,0.197177969554218,0.27642631461186,0.36405961613958454,0.4748756345790625,0.6030682418336284,0.7181943961367698,0.836714855604834,0.9406405535934216,0.9896325640363848,1.0292423770297636,1.1338824138494588,1.2115406722060982,1.7398747311545066,1.8327800572863313,1.8658634576222812,1.9207662847394935,1.9526365444771587,2.0008642849232876],"condition_number":95.69098735092982,"optimal_damping":0.989}