{"residual_norms":[0.017049503711960644,0.027712522638808534,0.02938440233295226,0.009636895693736722,0.06597820795394459,0.07146608515262365,0.06898473897297339,0.10636956660928983,0.12767934054596602,0.127658714107736,0.1191720422767289,0.06740033310241926,0.12917590019262215,0.11664277105470136,0.0808977060448786,0.0715703524350374,0.2396874707515177,0.11263708838590494,0.09520705777817778,0.19314108093427163,0.19314108093427163,0.08541024780085582,0.03843980048515367,0.07297751327974934,0.08062554196238926,0.09321632355572572,0.09043014935724907,0.019604758159546536,0.013040010532069036,0.001257910249247228],"eigenvalues":[0.9473386831356307,0.964232802564381,0.9842326523682163,0.9997119081180749,1.0190090929823936,1.0780222106178212,1.15159115529465,1.214117604934155,1.2936678603229517,1.373531112265485,1.4770418944037755,1.582472234725318,1.6895325915573947,1.7882894109322178,1.9096678974906398,2.019484057143634,2.219502421401374,2.3043449758215,2.4057755407177606,2.5772234616315735,2.5772234616315735,2.6998433872781753,2.787308475945523,2.927610830565203,2.9769514679724756,3.015803906675491,3.0647946184052657,3.1112707640694466,3.127361151842169,3.164428381448261],"condition_number":3.3403348113836167,"optimal_damping":0.486}