{"kgrid":[3,5,1],"mixing":"SimpleMixing(0.486)","temperature":0.0,"Ecut":20,"lattice":[[16.317403238715276,0.0,0.0],[0.0,10.3529207220839,0.0],[0.0,0.0,50.74990242736377]],"n_electr":248,"n_bands":136,"diag_lattice":[16.317403238715276,10.3529207220839,50.74990242736377],"α":0.486,"energies":[-524.6785414010596,-525.6072388928346,-525.6557384412264,-525.6769984243608,-525.6799398945743,-525.6801258364617,-525.6801358496825,-525.6801365667453,-525.6801366532526,-525.6801366619718,-525.6801366625278,-525.680136662546,-525.680136662571,-525.6801366626053,-525.6801366625926,-525.6801366625975,-525.6801366625975],"smearing":"DFTK.Smearing.None()","fft_size":[54,36,160],"n_kirred":15}