{"residual_norms":[0.0004654978760902569,0.0014600225924533221,0.02227225175805928,0.031175212088774346,0.0271445037948755,0.04230130400592434,0.052483034371507,0.0698120328585916,0.07654557648077294,0.07564923107604944,0.0894236650024533,0.0889593433708482,0.08815544384318152,0.08162636614238586,0.07412330922527201,0.04783920229670368,0.05918645991321701,0.08183551528883505,0.02540563440515367,0.03131085828130863,0.03462753270281835,0.029230858031576025,0.05366975494318268,0.03313991936630381,0.031104638928135385,0.016015438178829885,0.01094756301042779,0.000216776886476282],"eigenvalues":[0.10288205409021814,0.12192356878049748,0.17649489006829078,0.19724678513905675,0.24031493588735886,0.32006914725672675,0.3745383964630329,0.4409760218740908,0.5076187402719666,0.5971230152732868,0.6725883345624448,0.752431837752495,0.8334802469228608,0.9112330907989761,0.9718629851297151,0.9926221593854702,1.0371170981747797,1.126411521907863,1.2085693939074613,1.2234359848086414,1.8355065877689565,1.8703112234225785,1.8906871290445502,1.9255514188841725,1.9542379909102494,1.9708767684665187,1.9923048580531233,2.0276079086089847],"condition_number":19.70808151663611,"optimal_damping":0.939}