{"kgrid":[3,5,1],"mixing":"RestaMixing(0.939, 14, 1.0)","temperature":0.0,"Ecut":20,"lattice":[[16.317403238715276,0.0,0.0],[0.0,10.3529207220839,0.0],[0.0,0.0,50.74990242736377]],"n_electr":248,"n_bands":136,"diag_lattice":[16.317403238715276,10.3529207220839,50.74990242736377],"α":0.939,"energies":[-524.6785451793899,-525.162328585189,-525.5676914559654,-525.6770553627982,-525.6785887682818,-525.6791048709791,-525.6795339189673,-525.679791296933,-525.679934547676,-525.6800489583508,-525.6801031631329,-525.6801218816227,-525.6801317647767,-525.6801344913231,-525.6801355483449,-525.6801361816686,-525.6801365222968,-525.6801366132912,-525.6801366451048,-525.6801366567113,-525.680136659317,-525.6801366609557,-525.6801366617752,-525.6801366622511,-525.6801366624338,-525.6801366625352,-525.6801366625858,-525.6801366625969,-525.6801366625973,-525.6801366625973],"smearing":"DFTK.Smearing.None()","fft_size":[54,36,160],"n_kirred":15}