{"residual_norms":[0.0018129402481364186,0.023706764219887218,0.08320245589576908,0.07533859300316473,0.07080734878372794,0.07707965492325956,0.09276531262886409,0.0963834629238803,0.09659215969648845,0.09313133575196683,0.08753682045405957,0.054943331194927225,0.0299363994483208,0.039745890558655524,0.035615154528486064,0.010264078067105206],"eigenvalues":[0.23967373470013614,0.2998686595211107,0.36112479662540437,0.3971588799314694,0.49048531966454073,0.5139006079953996,0.6165608978401934,0.6661750922416205,0.7744004212193195,0.832689429516938,0.9038765411855735,0.96933798662525,0.9907109327052334,1.1090125009497414,1.1753800341758793,1.200470569999125],"condition_number":5.008769824115579,"optimal_damping":1.39}