{"kgrid":[3,4,1],"mixing":"HybridMixing(1.39, 14, 1.0, identity, true, false)","temperature":0.001,"Ecut":20,"lattice":[[15.10790948462645,0.0,0.0],[0.0,10.682905246131922,0.0],[0.0,0.0,155.48859933920556]],"n_electr":560,"n_bands":297,"diag_lattice":[15.10790948462645,10.682905246131922,155.48859933920556],"α":1.39,"energies":[-499.66850842758595,-498.6641408181178,-505.22807391915137,-505.81884479816443,-505.85896503576987,-505.8593792942777,-505.8594080913572,-505.85941517830105,-505.85941716934684,-505.8594176296037,-505.85941769054256,-505.8594176960098,-505.85941769649673,-505.85941769658126,-505.85941769660786,-505.85941769661287,-505.85941769661287],"smearing":"DFTK.Smearing.Gaussian()","fft_size":[48,36,480],"n_kirred":12}