{"residual_norms":[0.006738656382948673,0.05460656352124867,0.10677666087294416,0.1329976399034056,0.1297396878974588,0.16465694974880882,0.16465694974880882,0.19414958412074795,0.08833694510289705,0.16561652616009842,0.20814601078319603,0.19164557804390842,0.4036412502356527,0.26851213317065187,0.15974144584040204,0.1503322850108476,0.158453851435484,0.1310055590864736,0.060336271917135094,0.0005436439487234209,0.000576278450190817,3.498529609484637e-7,2.1180747382379897e-7,4.292696744659146e-12,1.1421550036330512e-12],"eigenvalues":[0.2742996943586254,0.33638907996002126,0.43556812674274964,0.5167768033897164,0.5719906029607387,0.7291254266523184,0.7291254266523184,0.916434702836277,0.9924798299649642,1.1612353713449386,1.389977378590845,1.6634610105722643,1.8245445790720418,2.012932327380685,2.2520568461427857,2.4511971000987756,2.669891934048576,2.775161199939052,2.8632860044849453,3.262805823539705,3.3747490431697122,4.112987137417153,4.279481644985832,5.646560006941044,5.857950183225287],"condition_number":21.35602154760871,"optimal_damping":0.326}