{"kgrid":[3,4,1],"mixing":"HybridMixing(0.326, 1, 1.0, identity, true, false)","temperature":0.001,"Ecut":20,"lattice":[[15.10790948462645,0.0,0.0],[0.0,10.682905246131922,0.0],[0.0,0.0,155.48859933920556]],"n_electr":560,"n_bands":297,"diag_lattice":[15.10790948462645,10.682905246131922,155.48859933920556],"α":0.326,"energies":[-499.6689206625169,-505.05454740274985,-505.7913150853217,-505.833674218753,-505.85081795956194,-505.8517892899137,-505.8575040806499,-505.8586172841679,-505.85903508392425,-505.8591989376063,-505.85932992159144,-505.859376251196,-505.85940598772885,-505.85941472603037,-505.8594168478688,-505.8594173415101,-505.85941750985523,-505.85941757194905,-505.85941762254777,-505.8594176607687,-505.85941767817485,-505.8594176870808,-505.85941769191135,-505.85941769518865,-505.8594176961613,-505.8594176964665,-505.8594176965502,-505.859417696597,-505.8594176966107,-505.85941769661184,-505.85941769661184],"smearing":"DFTK.Smearing.Gaussian()","fft_size":[48,36,480],"n_kirred":12}