{"kgrid":[3,4,1],"mixing":"KerkerMixing(1.32, 1.0)","temperature":0.001,"Ecut":20,"lattice":[[15.10790948462645,0.0,0.0],[0.0,10.682905246131922,0.0],[0.0,0.0,155.48859933920556]],"n_electr":560,"n_bands":297,"diag_lattice":[15.10790948462645,10.682905246131922,155.48859933920556],"α":1.32,"energies":[-499.6681864308422,-500.6859286846015,-504.84311046379247,-505.23014194399747,-505.62348040661004,-505.7433001156783,-505.785142983841,-505.8122090750891,-505.8285746342601,-505.8472947934363,-505.85268687519107,-505.8539995542102,-505.85642137802233,-505.85690015990195,-505.85836416577484,-505.8591637302216,-505.8594014756032,-505.85941476848313,-505.85941673223357,-505.85941722610255,-505.8594174291127,-505.85941750206115,-505.8594176417301,-505.8594176904358,-505.8594176958548,-505.85941769656233,-505.85941769659814,-505.8594176965789,-505.8594176965873,-505.8594176965873],"smearing":"DFTK.Smearing.Gaussian()","fft_size":[48,36,480],"n_kirred":12}