{"residual_norms":[0.00011690010575557508,0.000973409041973868,0.006159385377218315,0.0285357749959615,0.03138135218593388,0.03213254088991535,0.07193398324158862,0.0729085737692486,0.08509371177536838,0.09139776992428068,0.08290951042607096,0.041771702233064124,0.05372753965233172,0.06732380708120558,0.03271735830891126,0.010570986057962275,0.005661235854695953,0.00015617398784773328],"eigenvalues":[0.05069408550527974,0.09909374685380942,0.18868922020705503,0.24818782426715358,0.3288858374300434,0.4101440909286777,0.5281579361042109,0.6286767660386176,0.7506908065697616,0.7951251885798206,0.9341265290378401,0.9899671201586608,1.1087975932203613,1.1724274288410537,1.2444674763388857,1.3251579532480706,1.3566593939817102,1.460481261071712],"condition_number":28.809697354528748,"optimal_damping":1.32}