{"kgrid":[3,4,1],"mixing":"SimpleMixing(0.00412)","temperature":0.001,"Ecut":20,"lattice":[[15.10790948462645,0.0,0.0],[0.0,10.682905246131922,0.0],[0.0,0.0,155.48859933920556]],"n_electr":560,"n_bands":297,"diag_lattice":[15.10790948462645,10.682905246131922,155.48859933920556],"α":0.00412,"energies":[-499.6682491454189,-505.16843685114435,-505.4589207390374,-188.95486064838173,-411.0563485886062,-346.47482627486005,385.6178600163079,399.26002688762657,9.652212181333526,-304.7249507479762,-498.980188208356,-499.68842842556114,-482.3161644711917,-502.6430983736478,-505.1083358642951,-497.84129580940527,-501.8502610275778,-496.46858215212137,-494.1057123254694,-484.72295037152116,-491.0863258581211,-504.1661708970591,-505.51093108578516,-505.40380205065213,-505.02355939111635,-504.8076944574835,-505.381483890051,-505.73680954309555,-505.73785359728896,-505.8161619186377,-505.81801410630504,-505.44713001521995,-505.51610351806943,-505.53998382011616,-505.7919111026863,-505.81653311299766,-505.7703803418672,-505.8073578253337,-505.7690037884622,-505.80366340613637,-505.8379429414313,-505.8411768103983,-505.83119302172554,-505.85352287745576,-505.85273308590973,-505.8535560879026,-505.8574986687223,-505.85777923635106,-505.85816704548387,-505.85677976019053,-505.85677976019053],"smearing":"DFTK.Smearing.Gaussian()","fft_size":[48,36,480],"n_kirred":12}