{"residual_norms":[0.02794518902687861,1.7049818989628294,5.360173394147167,5.034997466583524,6.442239143270437,3.896703274725686,0.19517089712819372,0.01444991349625248,0.0003286925497885138,3.3167295107963124e-8,1.800454813589534e-11],"eigenvalues":[0.9979763228966092,2.0689204566152815,6.211179739010902,12.921109940665954,15.863889545762033,21.729615459828356,35.69234072797089,56.43603733923342,86.36936861439933,227.49594128079588,484.05151227851894],"condition_number":485.0330625816529,"optimal_damping":0.00412}