{"kgrid":[3,4,1],"mixing":"RestaMixing(0.0554, 14, 1.0)","temperature":0.001,"Ecut":20,"lattice":[[15.10790948462645,0.0,0.0],[0.0,10.682905246131922,0.0],[0.0,0.0,155.48859933920556]],"n_electr":560,"n_bands":297,"diag_lattice":[15.10790948462645,10.682905246131922,155.48859933920556],"α":0.0554,"energies":[-499.66775955267485,-505.19751782251006,-490.8561410085028,-497.82680227317496,-490.73563003977955,-504.1887938510346,-505.3227764937629,-505.014319567664,-505.67167462623445,-505.76266190642576,-505.80428156806465,-505.82586663527843,-505.8522690408921,-505.8263414324687,-505.85757498030017,-505.8578000062939,-505.85856745055924,-505.8589707922321,-505.8593657565437,-505.85931179319033,-505.8593848361548,-505.859312181127,-505.85941433390934,-505.85941704235324,-505.85941753032546,-505.8594175828677,-505.8594176218067,-505.85941746106033,-505.85941762740134,-505.85941719362916,-505.8594176456248,-505.8594176842458,-505.85941768806134,-505.85941768802695,-505.8594176932546,-505.8594176853254,-505.85941769559383,-505.85941769627055,-505.8594176962421,-505.8594176965898,-505.8594176961619,-505.85941769658797,-505.8594176966098,-505.8594176965722,-505.859417696607,-505.8594176965913,-505.8594176966067,-505.8594176966153,-505.8594176966153],"smearing":"DFTK.Smearing.Gaussian()","fft_size":[48,36,480],"n_kirred":12}