{"residual_norms":[0.07981020269624357,0.15103919220550457,0.05167964578989159,0.2631393833449638,0.20636233185228678,0.19627018991967732,0.08994054281845752,0.05351420913513051,0.0005483034212736726,4.937876990631675e-5,3.887417594841001e-10,7.685211404670937e-13],"eigenvalues":[0.6020673348482041,0.7637569717819278,0.9828787095979316,1.1329394262110681,1.4683073486833276,2.414727237278444,2.927731560931986,3.428795043511905,4.849312267276382,7.053912942268138,17.129163198684356,35.52843492361767],"condition_number":59.01073329709086,"optimal_damping":0.0554}