{"residual_norms":[0.007948987959660541,0.0171418587602353,0.019855327622047232,0.04621139814992497,0.06433620558916035,0.0991454133524667,0.09106164807035096,0.10067229266190834,0.10239566196717366,0.08473222699935165,0.035908352067356555,0.1452221666532859,0.11901915705493309,0.1393091396627467,0.130320334775757,0.1510098438449729,0.16033479428246408,0.15849214059485187,0.15500745166088298,0.21240722683670848,0.15941805695801492,0.1673710906089498,0.09485944275798006,0.3616374414793744,0.026384452284761356,0.03490117047155546,0.09523866636374921,0.06388123701038478,0.08613727416019001,0.02664104598199071,0.03750262506729637,0.022136617533847092,0.006255080738321745,0.0004347761634335164],"eigenvalues":[0.5116202227918267,0.5334448655866466,0.5545631532503734,0.5954501804835786,0.6473194253592378,0.7028206246397978,0.7546377478532715,0.8328931363498521,0.9047083161824295,0.9728009951397781,0.9967168599163831,1.126774096914809,1.2075881938400574,1.3250203074844775,1.4438146622694847,1.5701505960404831,1.6760587418892303,1.7789019450055277,1.925859868815961,2.028536797913859,2.200583422427302,2.250255300425923,2.352877035774224,2.507718046409848,2.6216901764226486,2.7063202067949685,2.8044683884202755,2.8735716117390346,2.922794590630379,2.9776495921683206,3.0231049358723525,3.063255276994244,3.08366680110876,3.114571009816185],"condition_number":6.087662041231457,"optimal_damping":0.552}