{"kgrid":[3,4,1],"mixing":"HybridMixing(0.552, 14, 1.0, var\"#194#202\"{Int64,var\"#periodise#201\"}(30, var\"#periodise#201\"(), Core.Box(0.9626549250456445), Core.Box(1.5526782653653535)), true, false)","temperature":0.0,"Ecut":20,"lattice":[[15.10790948462645,0.0,0.0],[0.0,10.682905246131922,0.0],[0.0,0.0,66.32424300350542]],"n_electr":408,"n_bands":219,"diag_lattice":[15.10790948462645,10.682905246131922,66.32424300350542],"α":0.552,"energies":[-694.9198728023117,-695.774889370414,-695.8657658751897,-695.9306838627407,-695.9377397374092,-695.9383764380183,-695.9384615351285,-695.9385004785541,-695.9385105330957,-695.9385140814451,-695.9385147297417,-695.9385148006595,-695.9385148096678,-695.9385148117858,-695.9385148124602,-695.9385148126405,-695.9385148126995,-695.9385148127068,-695.9385148127068],"smearing":"DFTK.Smearing.None()","fft_size":[48,36,216],"n_kirred":12}