{"kgrid":[3,4,1],"mixing":"HybridMixing(0.5, 14, 1.0, var\"#194#202\"{Int64,var\"#periodise#201\"}(30, var\"#periodise#201\"(), Core.Box(0.9626549250456445), Core.Box(1.5526782653653535)), true, false)","temperature":0.0,"Ecut":20,"lattice":[[15.10790948462645,0.0,0.0],[0.0,10.682905246131922,0.0],[0.0,0.0,66.32424300350542]],"n_electr":408,"n_bands":219,"diag_lattice":[15.10790948462645,10.682905246131922,66.32424300350542],"α":0.5,"energies":[-694.9198786080087,-695.8255543595341,-695.8970883217866,-695.9335352646558,-695.9378605823647,-695.9383729126773,-695.9384608168291,-695.938499795659,-695.9385101616928,-695.9385141127859,-695.9385147179956,-695.9385148000218,-695.938514808948,-695.9385148117576,-695.9385148124566,-695.9385148126346,-695.9385148126804,-695.9385148126987,-695.9385148127042,-695.9385148127042],"smearing":"DFTK.Smearing.None()","fft_size":[48,36,216],"n_kirred":12}