{"kgrid":[3,4,1],"mixing":"HybridMixing(0.145, 1, 1.0, identity, true, false)","temperature":0.0,"Ecut":20,"lattice":[[15.10790948462645,0.0,0.0],[0.0,10.682905246131922,0.0],[0.0,0.0,66.32424300350542]],"n_electr":408,"n_bands":219,"diag_lattice":[15.10790948462645,10.682905246131922,66.32424300350542],"α":0.145,"energies":[-694.9198830269545,-695.5008059873462,-695.6843870219043,-648.6828226028478,74.0230039591531,-588.1704986197822,-695.7455642692144,-687.274119822127,-687.2614914078686,-688.0092879809232,-695.7719395475744,-695.8184887200396,-695.8968180516283,-695.9103580316433,-695.9135206523358,-695.9227932432175,-695.9042540942014,-695.4251893755019,-695.4456075830558,-695.5990016004357,-695.8420772644056,-695.9364062310813,-695.9368963545197,-695.9338265634069,-695.9352049951714,-695.9345745043754,-695.9349645480398,-695.9349856114347,-695.9346661524725,-695.9346141966312,-695.9357915661049,-695.9384177246425,-695.9384831880556,-695.9384870906913,-695.9385103917739,-695.938513543423,-695.9385147019665,-695.9385145633073,-695.9385147621217,-695.938514782316,-695.9385148045828,-695.9385148102454,-695.9385148120759,-695.9385148116912,-695.9385148126566,-695.9385148127022,-695.9385148126969,-695.9385148126969],"smearing":"DFTK.Smearing.None()","fft_size":[48,36,216],"n_kirred":12}