{"residual_norms":[0.010247711830844499,0.034776719798503906,0.08036880644372782,0.0997485365749541,0.13689917804531665,0.14517265405749671,0.058801416284874904,0.1761963976230097,0.1029653998155648,0.05155086005064973,0.05400625308014279,0.10966485368675677,0.08129602755825546,0.0582790261339783],"eigenvalues":[0.2291020338396203,0.27769084610595224,0.43416132795605006,0.57871066679233,0.7240042818912455,0.8651820013108527,0.9845351589597175,1.0298619743151234,1.2438360835306024,1.4006945366409809,1.8476357817411095,1.9254519099541592,1.9762169333318165,2.0138022952746177],"condition_number":8.789979999410884,"optimal_damping":0.892}