{"residual_norms":[0.028353806493752118,0.03663818884183146,0.014114644891425084,0.11662813519017862,0.12611787687008563,0.14119915692972707,0.1484252217824604,0.18371582609475648,0.14378163782279718,0.20018433433691735,0.1806718961926282,0.18265892508644674,0.17305071199310584,0.1487181878864931,0.3054389628394552,0.2372303493145433,0.15856536928060905,0.10781289837587875,0.36304480740855055,0.681831268433088,0.18380963846893672,0.06544109546121218,0.3841468606738224,0.08128717325208244,0.0061449923422686095,0.017216595952817517,0.00013328327619143175,1.7923000027289807e-12,8.531944051924235e-15,1.017448041167412e-14,1.560263024727387e-14],"eigenvalues":[0.9530545233343557,0.9758086836422268,0.9992523082166979,1.0316467633926596,1.1250155509357707,1.2105817064941045,1.335277333028984,1.4725396532694148,1.6194850285254403,1.788430542283884,1.9949404210282995,2.203970760177693,2.375381781111118,2.6552212666272386,2.818099291275564,2.9686329280089705,3.164631637437962,3.3884922500681016,3.7527102596453106,3.8361420063457663,3.9677769453260363,4.167464839436987,4.268720412898153,4.512805870328225,4.654285706015607,4.670209677193342,4.8238813912265925,6.3302291067432614,8.123928452813853,12.638905032986228,12.810120355609918],"condition_number":13.441120147871963,"optimal_damping":0.145}