{"kgrid":[3,4,1],"mixing":"HybridMixing(0.892, 14, 1.0, identity, true, false)","temperature":0.0,"Ecut":20,"lattice":[[15.10790948462645,0.0,0.0],[0.0,10.682905246131922,0.0],[0.0,0.0,66.32424300350542]],"n_electr":408,"n_bands":219,"diag_lattice":[15.10790948462645,10.682905246131922,66.32424300350542],"α":0.892,"energies":[-694.9198696713947,-695.5703599681352,-695.829009601141,-695.9350437444516,-695.9371171214304,-695.9378895749902,-695.9382093220518,-695.9383852808976,-695.9384572650183,-695.9384965493791,-695.9385099118783,-695.938513624597,-695.9385145582522,-695.9385147765793,-695.9385148020506,-695.9385148106874,-695.9385148122179,-695.9385148125457,-695.9385148126761,-695.9385148126884,-695.9385148126994,-695.9385148127008,-695.9385148127008],"smearing":"DFTK.Smearing.None()","fft_size":[48,36,216],"n_kirred":12}