{"residual_norms":[0.00011038805090149819,0.00018571240774264397,0.004974305895366138,0.03376945131313296,0.045558017566410335,0.0468920487232981,0.08202072379260612,0.08924448440944462,0.09037930686306515,0.09992504247646898,0.09341700980969776,0.07429451183794955,0.022200711603118747,0.1683469271871567,0.056551386668990684,0.07910266200119462,0.029937083087500652,0.04499697262455644,0.05699421271087292,0.07159199977148178,0.06339168817717483,0.042728376543040306,0.057390750077259814,0.0032991601582305244],"eigenvalues":[0.03835215336931342,0.07544405541311115,0.1595608668275547,0.18069655099988594,0.3027865430750724,0.37389826579632573,0.4544570119689343,0.5390520212724416,0.6560875309357168,0.7518688901617351,0.854505222424014,0.9414353502933108,0.9898659436471829,1.067845672630712,1.204673868301005,1.294748752822426,1.366364275864119,1.803299450584634,1.8362103185039391,1.8814928509327506,1.9251945487787652,1.9565587984632025,1.9847204417748772,2.0111188077684328],"condition_number":52.43822396104576,"optimal_damping":0.976}