{"kgrid":[3,4,1],"mixing":"KerkerMixing(0.976, 1.0)","temperature":0.0,"Ecut":20,"lattice":[[15.10790948462645,0.0,0.0],[0.0,10.682905246131922,0.0],[0.0,0.0,66.32424300350542]],"n_electr":408,"n_bands":219,"diag_lattice":[15.10790948462645,10.682905246131922,66.32424300350542],"α":0.976,"energies":[-694.9198838150539,-695.4172609127979,-695.7782476794948,-695.9295863980484,-695.932131303247,-695.9332024104483,-695.9340672671699,-695.9347768688092,-695.9352399904401,-695.9358328110886,-695.9363113719049,-695.9367147231698,-695.9371140335721,-695.9374701705849,-695.9377265612566,-695.9380536453839,-695.9382943085149,-695.9384488234354,-695.938496605339,-695.9385103702822,-695.9385120946832,-695.9385131122766,-695.9385136733094,-695.9385141376853,-695.9385144321232,-695.9385146479318,-695.9385147268963,-695.9385147813564,-695.9385148040949,-695.9385148103207,-695.9385148112378,-695.9385148119429,-695.9385148123237,-695.9385148125839,-695.9385148126507,-695.9385148126865,-695.9385148127035,-695.9385148126938,-695.9385148126938],"smearing":"DFTK.Smearing.None()","fft_size":[48,36,216],"n_kirred":12}