{"kgrid":[3,4,1],"mixing":"SimpleMixing(0.145)","temperature":0.0,"Ecut":20,"lattice":[[15.10790948462645,0.0,0.0],[0.0,10.682905246131922,0.0],[0.0,0.0,66.32424300350542]],"n_electr":408,"n_bands":219,"diag_lattice":[15.10790948462645,10.682905246131922,66.32424300350542],"α":0.145,"energies":[-694.9198815621808,-695.5008057283076,-695.6843756798653,-648.679761433741,74.06603751191503,-588.166581030921,-695.7455709214055,-687.2736855318759,-687.2611222592302,-688.0077718582124,-695.7719304531188,-695.8184860111141,-695.89681427333,-695.9103520063609,-695.9135172136159,-695.9227950779342,-695.9041959019373,-695.4255707812611,-695.4459802419502,-695.5993078453313,-695.8421849321059,-695.9363987770639,-695.9368921066539,-695.9338102440978,-695.9351984267,-695.9345670494911,-695.9349496379731,-695.9349608924936,-695.9346415887256,-695.9345772979688,-695.9357556328971,-695.9384168091754,-695.9384834209535,-695.9384882549667,-695.9385103094868,-695.9385138251002,-695.9385147101841,-695.9385145722413,-695.9385147291273,-695.9385147977231,-695.9385148045212,-695.9385148097808,-695.9385148116219,-695.9385148116621,-695.9385148126804,-695.9385148126898,-695.9385148126898],"smearing":"DFTK.Smearing.None()","fft_size":[48,36,216],"n_kirred":12}