{"residual_norms":[0.013510578451803585,0.020945945871569577,0.03196455756704768,0.030889392262674994,0.007573564313147914,0.05752976868306484,0.06797140584230794,0.06526704848638211,0.09772986135360265,0.11450462222713753,0.09218168766542109,0.1068092672061751,0.10236610507225292,0.13659738729018153,0.10610608620507603,0.15089924136289468,0.1513681699305222,0.11602252265054794,0.18062059771117292,0.1371988768227735,0.11297997404775378,0.1229367312782423,0.08585596356225074,0.18295791339905135,0.13169692036735228,0.0696139226606294,0.08897052572476795,0.10914170519623384,0.1021710641363354,0.0070054135186385,0.008707627128625035,0.00010168072751238935,9.05343664047062e-5,1.2164795310797192e-6,3.972668456804372e-6,1.6628592205236636e-6,2.3990903072907177e-9,3.1171825715755e-9,1.895971807585429e-8,2.5331749077238124e-9,3.608194693383817e-11,2.3863783827938142e-14,1.4578392349901128e-14,1.3806729955509646e-14,1.187096061249473e-14],"eigenvalues":[0.937121039782422,0.955622843473556,0.9708449620865236,0.9874706599065544,0.9999130595019396,1.0501463046707946,1.101339005308065,1.1599620612584323,1.2183524524051594,1.2956584440039232,1.3659680892151203,1.4575775542684317,1.564400970323941,1.6418903104287197,1.7354863311378337,1.8718711395235867,1.9694044673155595,2.1060669041592064,2.232303435236823,2.3224027361470645,2.429095669631873,2.5914951803928092,2.698050812797381,2.819530575345459,2.8945712596477478,3.007419935934007,3.12380693438245,3.1673139408857405,3.2555239919867596,3.4033026283783303,3.4222645668156817,3.765324170963144,3.7937172540045365,3.961266899477231,4.152144380525645,4.179761657219486,4.501987618031986,4.6293102528192716,4.654702183024173,4.673124271322911,4.823888604310457,6.330236124633057,8.123904080504191,12.638808352138469,12.810183918549132],"condition_number":13.669721812588225,"optimal_damping":0.145}