{"kgrid":[3,4,1],"mixing":"RestaMixing(0.883, 14, 1.0)","temperature":0.0,"Ecut":20,"lattice":[[15.10790948462645,0.0,0.0],[0.0,10.682905246131922,0.0],[0.0,0.0,66.32424300350542]],"n_electr":408,"n_bands":219,"diag_lattice":[15.10790948462645,10.682905246131922,66.32424300350542],"α":0.883,"energies":[-694.9198718556881,-695.5862867657235,-695.8344528428116,-695.9350799483957,-695.9371260568583,-695.9378877916085,-695.9382093482359,-695.9383849650649,-695.9384569780027,-695.9384961814379,-695.9385098503147,-695.9385136169396,-695.9385145597639,-695.9385147767059,-695.9385148017113,-695.938514810693,-695.9385148122162,-695.9385148125384,-695.9385148126776,-695.9385148126902,-695.9385148127014,-695.938514812705,-695.938514812705],"smearing":"DFTK.Smearing.None()","fft_size":[48,36,216],"n_kirred":12}