{"residual_norms":[0.0004880291738495168,0.0032465730068260814,0.03993142263397646,0.06299893441144704,0.06241593200249374,0.06873878661641843,0.08472953123979989,0.09230384530832472,0.10162523954569326,0.10858627716912896,0.0828720600245197,0.1042444542922718,0.11122337276357472,0.05477866289412129,0.07077345940702814,0.06665488302130335,0.2475572656798742,0.13144090994724092,0.04335075704302524,0.04251329027997199,0.0450945030186262,0.009382757129494003,0.03408256932068943],"eigenvalues":[0.22863960961506843,0.2735686770096252,0.36039791084737827,0.3945619253918833,0.45812331134822365,0.5454763250694322,0.6243689312261297,0.7251545003163036,0.8258688221796213,0.912386456184058,0.9834532657075657,1.000494413729602,1.1818340546640662,1.2409639504400822,1.391105147257072,1.473642363235632,1.7914624474091991,1.8317619498539583,1.8889932805063134,1.943254655669096,1.9718292712200212,2.028956887354877,2.036643002114835],"condition_number":8.90765605112637,"optimal_damping":0.883}