{"kgrid":[3,3,1],"mixing":"SimpleMixing(0.0354)","temperature":0.001,"Ecut":20,"lattice":[[7.653390808104204,0.0,0.0],[0.0,7.653390808104204,0.0],[0.0,0.0,38.26695404052102]],"n_electr":60,"n_bands":36,"diag_lattice":[7.653390808104204,7.653390808104204,38.26695404052102],"α":0.0354,"energies":[-41.439403862310876,-41.4398579776317,-41.37076998862658,-41.44590658865846,-41.44513466194288,-41.4461759507449,-41.435693068313334,-41.4468872635955,-41.44552954409185,-41.44669878243719,-41.44690525400951,-41.4470436159632,-41.44711842733028,-41.44713082960081,-41.44713222742445,-41.44713116955727,-41.44713302645988,-41.447133740185166,-41.44713335654371,-41.44713322986361,-41.44713385715871,-41.44713346957643,-41.44713384873586,-41.44713389238746,-41.447133908893726,-41.44713389883164,-41.44713393718609,-41.44713393854096,-41.447133926030666,-41.44713393938067,-41.447133938713996,-41.44713393834468,-41.447133935724,-41.447133939139206,-41.447133940145385,-41.447133940116736,-41.447133940282576,-41.447133940295245,-41.447133940306095,-41.44713394012845,-41.44713394017336,-41.44713394041903,-41.44713394044838,-41.44713394043443,-41.447133940447934,-41.44713394045499,-41.44713394045499],"smearing":"DFTK.Smearing.Gaussian()","fft_size":[25,25,120],"n_kirred":9}