{"kgrid":[3,3,1],"mixing":"SimpleMixing(0.0354)","temperature":0.001,"Ecut":20,"lattice":[[7.653390808104204,0.0,0.0],[0.0,7.653390808104204,0.0],[0.0,0.0,38.26695404052102]],"n_electr":60,"n_bands":36,"diag_lattice":[7.653390808104204,7.653390808104204,38.26695404052102],"α":0.0354,"energies":[-41.43940384490429,-41.43985796557978,-41.37073496593045,-41.44590670557054,-41.44513619560766,-41.44617594470338,-41.435694118071375,-41.44675589564406,-41.444782520724644,-41.446768007187984,-41.44692649455295,-41.446977073962465,-41.44712173146446,-41.44711941145877,-41.44713300876198,-41.44713377618462,-41.447133337190124,-41.44713391520531,-41.44713393011397,-41.447133937147335,-41.44713393385209,-41.447133938481166,-41.44713393872008,-41.44713394038902,-41.44713393964805,-41.447133940287536,-41.447133940444715,-41.44713394043275,-41.44713394046055,-41.44713394045248,-41.44713394045248],"smearing":"DFTK.Smearing.Gaussian()","fft_size":[25,25,120],"n_kirred":9}