{"kgrid":[3,3,1],"mixing":"SimpleMixing(0.0354)","temperature":0.001,"Ecut":20,"lattice":[[7.653390808104204,0.0,0.0],[0.0,7.653390808104204,0.0],[0.0,0.0,38.26695404052102]],"n_electr":60,"n_bands":36,"diag_lattice":[7.653390808104204,7.653390808104204,38.26695404052102],"α":0.0354,"energies":[-41.43940386643138,-41.43985797929575,-41.440266272901155,-41.440637062871005,-41.44097572907999,-41.44128635229644,-41.44157227378858,-41.44183632839314,-41.44208100027437,-41.44230852372858,-41.44252085121478,-41.4427197459245,-41.44290676753706,-41.44308337016208,-41.443250793357656,-41.44341014534636,-41.44356245844643,-41.443708615414025,-41.4438493583659,-41.443985353395206,-41.44411716511411,-41.44424526260192,-41.44437003522309,-41.44449179818178,-41.444610749829685,-41.44472707457896,-41.444840862949754,-41.444952164590184,-41.44506098480963,-41.44516728450616,-41.4452709903236,-41.44537198636221,-41.44547015126574,-41.44556534738739,-41.445657434311954,-41.44574626771851,-41.44583171189425,-41.445913642825595,-41.4459919534461,-41.44606655867404,-41.446137395576,-41.44620443347599,-41.44626766912759,-41.4463271266791,-41.44638286371831,-41.446434964500206,-41.44648353829555,-41.446528719519826,-41.44657065869484,-41.446609528360824,-41.446645507142044,-41.44667878132203,-41.446709542666184,-41.44673798041655,-41.44676427779357,-41.44678861671715,-41.44681116505178,-41.446832080396554,-41.44685151028387,-41.4468695869763,-41.446886431479676,-41.44690215267878,-41.44691684902619,-41.44693060499084,-41.44694349935741,-41.44695559313256,-41.446966948351935,-41.446977615081586,-41.44698763997838,-41.44699706455909,-41.44700592587643,-41.44701425642373,-41.44702208733994,-41.4470294462147,-41.447036356636,-41.44704284768601,-41.44704893868598,-41.44705465192112,-41.44706000519273,-41.44706502028627,-41.447069714686485,-41.44707410539661,-41.447078209747616,-41.44708204436893,-41.44708562454695,-41.44708896529804,-41.44709208065264,-41.44709498553742,-41.44709769188738,-41.44710021279987,-41.44710256018362,-41.44710474511786,-41.447106778717135,-41.44710867105516,-41.44711043123551,-41.447112068813595,-41.44711359212383,-41.44711500859899,-41.44711632649564,-41.447117551410926,-41.447117551410926],"smearing":"DFTK.Smearing.Gaussian()","fft_size":[25,25,120],"n_kirred":9}