{"kgrid":[3,3,1],"mixing":"RestaMixing(0.5, 2.4, 1.0)","temperature":0.0,"Ecut":20,"lattice":[[9.420857152347935,0.0,0.0],[-4.710428576173966,8.158701619357638,0.0],[0.0,0.0,72.47044505458729]],"n_electr":336,"n_bands":181,"diag_lattice":[9.420857152347935,8.158701619357638,72.47044505458729],"α":0.5,"energies":[-602.4403007754987,-705.3989063143412,-728.6676947924461,-727.9395625077235,-731.1042300298247,-731.1435799407384,-731.1513495297213,-731.1532988972212,-731.1533777528899,-731.1533911193462,-731.1533913728024,-731.1533914609007,-731.1533914785155,-731.1533914825462,-731.1533914829315,-731.1533914826423,-731.1533914826545,-731.1533914826264,-731.1533914826261,-731.1533914826261],"smearing":"DFTK.Smearing.None()","fft_size":[32,32,225],"n_kirred":9}