{"kgrid":[3,3,1],"mixing":"KerkerMixing(1.0, 1.0)","temperature":0.0,"Ecut":20,"lattice":[[9.420857152347935,0.0,0.0],[-4.710428576173966,8.158701619357638,0.0],[0.0,0.0,72.47044505458729]],"n_electr":336,"n_bands":181,"diag_lattice":[9.420857152347935,8.158701619357638,72.47044505458729],"α":1.0,"energies":[-602.4402565688838,-683.2187337666844,-728.6278773745654,-730.1951027064088,-731.1015048324466,-731.1433444771295,-731.1517317714498,-731.1525070226188,-731.152694473474,-731.1527921615004,-731.1528638164319,-731.1529068573311,-731.1529575242474,-731.1530184392906,-731.1530797731108,-731.1531353645594,-731.153178099775,-731.1532267323713,-731.1532633249976,-731.1532805410753,-731.1532885046703,-731.1532975063378,-731.1533225727028,-731.1533559543822,-731.1533775283967,-731.1533829010157,-731.1533898093894,-731.1533913370968,-731.1533914817367,-731.1533914759552,-731.1533914812803,-731.1533914824367,-731.1533914825391,-731.1533914825927,-731.1533914826136,-731.1533914826166,-731.1533914826166],"smearing":"DFTK.Smearing.None()","fft_size":[32,32,225],"n_kirred":9}