{"residual_norms":[0.0006242108279862191,0.01311637107943345,0.037461233296070574,0.06326454468093258,0.11662818310267205,0.08305728295939543,0.10138387197393757,0.10368895743857698,0.08082976694705028,0.022876429086119438,0.18714508593636386,0.01804189877028948,0.07354808562262022,0.14227760586361504,0.058929463027316054,0.02518498958233467,0.014378953124757917],"eigenvalues":[0.01913931627595626,0.07210307253025844,0.15125735359862194,0.24510602329870315,0.3865546895740329,0.5330965410706598,0.6733586582991055,0.8194646131260648,0.9379286596257144,0.991199923898288,1.0849112950520938,1.2178618165133757,1.8254586695870223,1.8503628826660647,1.9091477913244896,1.948305286829234,1.9740980907435781],"condition_number":103.14360566910825,"optimal_damping":1.0}