{"residual_norms":[0.030790656673498836,0.010475047618987553,0.123532699354505,0.17027400568080064,0.19134761482680987,0.21555785764368116,0.29381750916594335,0.0706198765919329,0.03944321801830295,0.13481768421560417,0.07945023410958672,0.016084458005642042],"eigenvalues":[0.972759180600814,0.9994457173130263,1.1111724738271755,1.2724519340109408,1.500463048314582,1.73352568467264,2.026793868957365,2.4096181617334205,2.7131277766252238,2.9209616347042537,3.0240371742658043,3.093406891744],"condition_number":3.1800336130812883,"optimal_damping":0.492}