{"kgrid":[3,3,1],"mixing":"SimpleMixing(0.492)","temperature":0.0,"Ecut":20,"lattice":[[9.420857152347935,0.0,0.0],[-4.710428576173966,8.158701619357638,0.0],[0.0,0.0,72.47044505458729]],"n_electr":336,"n_bands":181,"diag_lattice":[9.420857152347935,8.158701619357638,72.47044505458729],"α":0.492,"energies":[-602.4402928947064,-725.337575079247,-730.6775246558791,-730.803529848089,-731.1388795412269,-731.1521631015797,-731.1531472843493,-731.15330913201,-731.1533860330776,-731.1533912729451,-731.1533914734002,-731.153391482475,-731.1533914825494,-731.1533914825194,-731.1533914825808,-731.1533914826457,-731.1533914826377,-731.1533914826377],"smearing":"DFTK.Smearing.None()","fft_size":[32,32,225],"n_kirred":9}