{"residual_norms":[0.010729639262073265,0.02875013127586759,0.056979142644011764,0.06985754854194355,0.11159454856202637,0.10660806579004235,0.10979464939424959,0.10116674799033036,0.035120176774065585,0.18257117603914524,0.044730348196597824,0.0735666623547098,0.03862332110947995,0.14965357142318325,0.053753729535336844,0.0190749180311843,0.017412477869787935,0.04081391490977727,0.015084990388135105,0.04827184562199051,0.013713472890141288,0.020466165041635738,0.0058640697595742294],"eigenvalues":[0.6324353812062654,0.6540231261087112,0.6892608968720527,0.7330826519738002,0.7851867849750919,0.830411053473984,0.9055894584423874,0.9641076176194797,0.992631760070209,1.0805155956421488,1.1719001192931608,1.2763156948979468,1.3567931451215482,1.433732073322339,1.478941255289187,1.9289133306141228,1.953304000113214,2.002388545541043,2.077653221387889,2.1257887262533264,2.1571019135736633,2.1726585167073957,2.193713410177312],"condition_number":3.4686759712797346,"optimal_damping":0.708}