{"kgrid":[3,3,1],"mixing":"RestaMixing(0.91, 14, 1.0)","temperature":0.0,"Ecut":20,"lattice":[[9.420857152347935,0.0,0.0],[-4.710428576173966,8.158701619357638,0.0],[0.0,0.0,72.47044505458729]],"n_electr":336,"n_bands":181,"diag_lattice":[9.420857152347935,8.158701619357638,72.47044505458729],"α":0.91,"energies":[-585.0109563116255,-706.7110934311138,-727.9803657303903,-729.1835988595942,-731.0880962668327,-731.1466549667839,-731.1527993556683,-731.1530551330575,-731.1533386921166,-731.1533620700416,-731.1533766108431,-731.1533847139768,-731.1533882356198,-731.153390261722,-731.1533912052935,-731.1533914237941,-731.1533914668413,-731.1533914773827,-731.1533914809452,-731.1533914821485,-731.1533914824761,-731.153391482588,-731.1533914826218,-731.1533914826296,-731.1533914826296],"smearing":"DFTK.Smearing.None()","fft_size":[32,32,225],"n_kirred":9}