{"residual_norms":[0.0024232196238484494,0.06967214316211608,0.09464322737630107,0.1533701652000901,0.17239596027704393,0.18357908897613737,0.1426878269894486,0.040607728407457196,0.35511201582488067,0.04503662372988686,0.01683360394926573,0.039824451426411625,0.018682321428679854,0.011042476954617733],"eigenvalues":[0.1963347532411519,0.2659955875000993,0.3304030950335541,0.5062766411359587,0.646037357918542,0.7903946408502674,0.9300253626960734,0.990897457580122,1.0946176455027896,1.22546270802821,1.8438391497617144,1.9018844914576771,1.9760333277217124,2.0026686094017756],"condition_number":10.200275683958813,"optimal_damping":0.91}