{"kgrid":[3,3,1],"mixing":"RestaMixing(0.708, 2.4, 1.0)","temperature":0.0,"Ecut":20,"lattice":[[9.420857152347935,0.0,0.0],[-4.710428576173966,8.158701619357638,0.0],[0.0,0.0,72.47044505458729]],"n_electr":336,"n_bands":181,"diag_lattice":[9.420857152347935,8.158701619357638,72.47044505458729],"α":0.708,"energies":[-602.4402744175411,-726.2526366241331,-729.8281218186537,-731.0519978533407,-731.1088692441098,-731.1511074035649,-731.1532404493623,-731.1533407929471,-731.1533895847317,-731.153391379283,-731.1533914605994,-731.1533914774593,-731.1533914826784,-731.1533914823676,-731.153391482565,-731.1533914826084,-731.1533914826322,-731.1533914826292,-731.1533914826292],"smearing":"DFTK.Smearing.None()","fft_size":[32,32,225],"n_kirred":9}