{"kgrid":[3,5,1],"mixing":"HybridMixing(0.5, 1, 1.0, identity, true, false)","temperature":0.001,"Ecut":20,"lattice":[[16.317403238715276,0.0,0.0],[0.0,10.3529207220839,0.0],[0.0,0.0,67.75689022717445]],"n_electr":368,"n_bands":198,"diag_lattice":[16.317403238715276,10.3529207220839,67.75689022717445],"α":0.5,"energies":[-605.9321939040558,-607.1496158468725,-607.4954190659876,-607.7150231544157,-607.7818085577118,-607.8146986124846,-607.8237007730793,-607.8255321634907,-607.8260570947936,-607.8260740634652,-607.8260764817056,-607.8260768218146,-607.8260770013565,-607.8260770179456,-607.8260770183692,-607.8260770191378,-607.8260770193833,-607.826077019399,-607.8260770194134,-607.826077019416,-607.826077019416],"smearing":"DFTK.Smearing.Gaussian()","fft_size":[54,36,216],"n_kirred":15}