{"residual_norms":[0.012908865082460513,0.1368880596224565,0.10761907094039896,0.15061670403460503,0.1810772351911571,0.17254949919636997,0.06505892928917865,0.3384685595432391,0.2999977370771239,0.18985993538671853,0.0619796556392801,0.05262852470163351,0.01997591151463577],"eigenvalues":[0.21486344644274463,0.3226358044739863,0.4501123619492637,0.5724650095024122,0.71365420273701,0.8858505065915366,0.982977316503307,1.0714103023976356,1.2895397073945063,1.6208124512725404,1.8390591241430163,1.9269198083134425,1.9780232913201419],"condition_number":9.205955336135931,"optimal_damping":0.912}