{"residual_norms":[0.016420214356322425,0.048334756880856915,0.06868737357681183,0.09112435162088688,0.12612779188582743,0.14064618955790842,0.11676655104108472,0.0696033411174434,0.1315726808331864,0.12554574114823971,0.21191683334654657,0.1900007228803544,0.22198667226857488,0.18939127385395552,0.17681546068825296,0.2665025023356102,0.21685626797492294,0.11968703371119313,0.09825377848848922,0.09465834010179208,0.1304035145954212,0.08732683013811161,0.011711539693905476],"eigenvalues":[0.5128823532596826,0.5454653826782541,0.608895939378493,0.6725601335672924,0.7668482588179115,0.8546163976078476,0.9712858671595744,0.9989867943290904,1.200184065427028,1.3311105278757893,1.5355124864503265,1.6714751658358311,1.8765277236965154,2.0433068277830317,2.284373829884137,2.4316114007894014,2.5808562554316317,2.709884530931741,2.872447221212108,2.949312612681906,3.0075646088861063,3.058055148293375,3.105662270456462],"condition_number":6.055311224334527,"optimal_damping":0.553}