{"kgrid":[3,5,1],"mixing":"HybridMixing(0.553, 1, 1.0, identity, true, false)","temperature":0.001,"Ecut":20,"lattice":[[16.317403238715276,0.0,0.0],[0.0,10.3529207220839,0.0],[0.0,0.0,67.75689022717445]],"n_electr":368,"n_bands":198,"diag_lattice":[16.317403238715276,10.3529207220839,67.75689022717445],"α":0.553,"energies":[-605.9322143791884,-607.1478878468472,-607.4979082538921,-607.7232190502294,-607.7865117679778,-607.81599428918,-607.8240064647132,-607.8256654777574,-607.8260608226135,-607.8260740964183,-607.8260763739939,-607.8260768656318,-607.8260770084065,-607.8260770179164,-607.8260770182758,-607.8260770191795,-607.8260770193797,-607.8260770194009,-607.8260770194079,-607.8260770194079],"smearing":"DFTK.Smearing.Gaussian()","fft_size":[54,36,216],"n_kirred":15}