{"residual_norms":[0.00013162699498359666,0.0010709754654560262,0.00561015160606336,0.029508362887812632,0.07078501950823131,0.0785923685621609,0.11399708269841433,0.09159936590827257,0.09197297793069524,0.10644738188546836,0.05484219327572604,0.11165371281358391,0.02927728604729781,0.019438611600030988,0.036924665136509674,0.0476117705790132,0.07740958563167298,0.04238163999086366,0.027519494444420194,0.012530139223351208],"eigenvalues":[0.03954410246162227,0.09536868034128165,0.19418896143956105,0.2832331713261091,0.3634570889580726,0.45572875976984445,0.5696384985752941,0.682210872632979,0.79826319250172,0.904009368026685,0.9855834779390072,1.0114290933845942,1.1461118400733485,1.2164015793379093,1.8283900476757131,1.8690979100115088,1.9209696341805327,1.9559147926460558,1.9954506709581528,2.0141114949937644],"condition_number":50.93329648709232,"optimal_damping":0.974}