{"kgrid":[3,5,1],"mixing":"KerkerMixing(0.974, 1.0)","temperature":0.001,"Ecut":20,"lattice":[[16.317403238715276,0.0,0.0],[0.0,10.3529207220839,0.0],[0.0,0.0,67.75689022717445]],"n_electr":368,"n_bands":198,"diag_lattice":[16.317403238715276,10.3529207220839,67.75689022717445],"α":0.974,"energies":[-605.9322860434999,-607.1749565971493,-607.6576233652886,-607.814240997061,-607.818302960529,-607.82059544662,-607.8222029656627,-607.8233387031252,-607.8239715432713,-607.8245582744282,-607.8250233616163,-607.8253782917307,-607.8256542047609,-607.8258313779112,-607.825897282583,-607.8259350217697,-607.8259692776708,-607.8259991231884,-607.8260217866435,-607.8260388288653,-607.8260604694811,-607.8260729858386,-607.8260759888469,-607.82607677506,-607.8260769989935,-607.8260770162615,-607.8260770179777,-607.826077018646,-607.826077018874,-607.8260770192949,-607.8260770193623,-607.8260770194095,-607.8260770194173,-607.8260770194173],"smearing":"DFTK.Smearing.Gaussian()","fft_size":[54,36,216],"n_kirred":15}