{"residual_norms":[0.024319491598632025,0.35902227802459474,0.690402446769017,0.7334181413012277,1.1172239552546497,0.3813379115941477,0.27067947389908464,0.007676406569246066,0.00015916227282498615,2.2405833300615985e-8,5.695071401302913e-10],"eigenvalues":[0.9976472658057668,1.1234546052115746,1.9400369478792947,2.928056404122486,4.110834866533713,6.045744556733982,7.864714718921709,11.940986702100666,17.887611359099303,45.16650275530665,92.894600957182],"condition_number":93.11367267884417,"optimal_damping":0.0213}