{"kgrid":[3,5,1],"mixing":"SimpleMixing(0.0213)","temperature":0.001,"Ecut":20,"lattice":[[16.317403238715276,0.0,0.0],[0.0,10.3529207220839,0.0],[0.0,0.0,67.75689022717445]],"n_electr":368,"n_bands":198,"diag_lattice":[16.317403238715276,10.3529207220839,67.75689022717445],"α":0.0213,"energies":[-605.9322125294245,-606.7314665811236,-561.0142167869495,-518.1068522198565,-605.6495827266391,-602.3038513124185,-603.3668241962266,-606.1986050580848,-607.0328194896107,-607.6878321862698,-607.7404083320498,-607.7730019375574,-607.8084042428741,-607.8191444194929,-607.8214153207392,-607.8238701163416,-607.825198154226,-607.8255562320963,-607.826037168343,-607.8259887408917,-607.8259919803487,-607.8260552536325,-607.8260627761236,-607.8259917223223,-607.8260664334397,-607.8260754190828,-607.826075626924,-607.8260762138898,-607.8260764227772,-607.8260768208701,-607.8260769589039,-607.8260769772069,-607.8260770006439,-607.8260770037609,-607.8260770043173,-607.8260770142964,-607.8260770009167,-607.826077004967,-607.8260770173016,-607.8260770179611,-607.8260770190207,-607.8260770190357,-607.826077019338,-607.8260770193612,-607.826077019352,-607.826077019352],"smearing":"DFTK.Smearing.Gaussian()","fft_size":[54,36,216],"n_kirred":15}