{"kgrid":[3,5,1],"mixing":"RestaMixing(0.258, 14, 1.0)","temperature":0.001,"Ecut":20,"lattice":[[16.317403238715276,0.0,0.0],[0.0,10.3529207220839,0.0],[0.0,0.0,67.75689022717445]],"n_electr":368,"n_bands":198,"diag_lattice":[16.317403238715276,10.3529207220839,67.75689022717445],"α":0.258,"energies":[-605.9322628683686,-607.3857570322456,-606.5701301837371,-591.4876628886216,-592.3770011342422,-607.2652519446565,-607.7084780178265,-607.8012199372582,-607.8059583249942,-607.8257629617694,-607.8256226142798,-607.8257106047092,-607.8260154155446,-607.8260641673369,-607.8260510454342,-607.8260743035496,-607.8260764261507,-607.8260767722326,-607.8260769757139,-607.8260769982978,-607.826077012734,-607.8260770140586,-607.8260770181046,-607.8260770187787,-607.8260770190092,-607.8260770192182,-607.8260770191974,-607.8260770191467,-607.8260770193892,-607.8260770194028,-607.8260770194092,-607.8260770194092],"smearing":"DFTK.Smearing.Gaussian()","fft_size":[54,36,216],"n_kirred":15}