{"residual_norms":[0.0005445022914557929,0.00132742975118878,0.006459680615469543,0.028171995305148394,0.06540736460195497,0.07464292100408544,0.09863703658802628,0.091032880761417,0.09757924575167642,0.10034760177742535,0.08837827577350488,0.07541393102700955,0.10254718572028489,0.11581995329758439,0.07368606500232489,0.050307005601702884,0.038799998405932117,0.04287203893691469,0.051215663966701165,0.05050299116434796,0.0616005963805814,0.030861604645069107,2.837302807273104e-5,1.5421532499777277e-14,4.20184425311153e-15],"eigenvalues":[0.22398234170579562,0.2710162539691908,0.3344018092099229,0.38484969195429136,0.46505875180576756,0.5439704924502988,0.6362647239464386,0.7226176908857244,0.8218000785009949,0.9139066839924103,0.98134220926275,0.9966156152250804,1.2004297084511373,1.2716382460673021,1.4342488500804553,1.5008237243080231,1.745464733565571,1.8686468310703856,1.930368203526709,1.975693105238206,2.0127345446887572,2.0345195362787414,2.1531825439947165,4.103639824640985,7.522397252124006],"condition_number":33.58477813400484,"optimal_damping":0.258}