{"residual_norms":[0.006602031710607692,0.03704031853736037,0.061138560133123666,0.049973916553465024,0.043633583240829985,0.05192885676180663,0.05977045669604684,0.06968323141287354,0.05830841236841338,0.047694772399202424,0.029639974336231844,0.013496230179533672,0.0056261504414833],"eigenvalues":[0.2875035144764767,0.3246480644285802,0.3757749604520429,0.4326922306770994,0.5171009515691842,0.6087497616276687,0.7079247683301595,0.7671718258603935,0.8513928773361032,0.9104587354858238,0.9586858903965106,0.987849616429518,0.9991554610526734],"condition_number":3.475280860034229,"optimal_damping":1.55}