{"kgrid":[3,4,1],"mixing":"HybridMixing(1.55, 14, 1.0, var\"#250#258\"{Int64,var\"#periodise#257\"}(30, var\"#periodise#257\"(), Core.Box(0.9621974681799349), Core.Box(1.5378025318119681)), true, false)","temperature":0.0,"Ecut":20,"lattice":[[15.10790948462645,0.0,0.0],[0.0,10.682905246131922,0.0],[0.0,0.0,67.98559268081905]],"n_electr":160,"n_bands":89,"diag_lattice":[15.10790948462645,10.682905246131922,67.98559268081905],"α":1.55,"energies":[-170.34362444196438,-170.35510445706086,-170.41303620876846,-170.44035589706368,-170.44060989552085,-170.44073556344372,-170.440779457661,-170.44078251999076,-170.44078257531982,-170.44078257709853,-170.44078257756553,-170.4407825775925,-170.4407825775991,-170.4407825775991],"smearing":"DFTK.Smearing.None()","fft_size":[48,36,216],"n_kirred":8}