{"kgrid":[3,4,1],"mixing":"HybridMixing(0.5, 14, 1.0, var\"#250#258\"{Int64,var\"#periodise#257\"}(30, var\"#periodise#257\"(), Core.Box(0.9621974681799349), Core.Box(1.5378025318119681)), true, false)","temperature":0.0,"Ecut":20,"lattice":[[15.10790948462645,0.0,0.0],[0.0,10.682905246131922,0.0],[0.0,0.0,67.98559268081905]],"n_electr":160,"n_bands":89,"diag_lattice":[15.10790948462645,10.682905246131922,67.98559268081905],"α":0.5,"energies":[-170.34363200960365,-170.4132684616901,-170.43779989946216,-170.44027217127828,-170.44065945475114,-170.44077217107943,-170.44078100132722,-170.4407823443462,-170.44078254775383,-170.44078256376557,-170.44078257391482,-170.44078257726076,-170.4407825775221,-170.44078257758912,-170.4407825776007,-170.44078257759793,-170.44078257759793],"smearing":"DFTK.Smearing.None()","fft_size":[48,36,216],"n_kirred":8}