{"residual_norms":[0.001220645178685503,0.005619869000102073,0.03250954565484075,0.04551828285393209,0.052678682591791565,0.05633568776403357,0.07324007832715726,0.07459304546490757,0.06878010029467167,0.06191018951442072,0.058125701050174235,0.04481857007577832,0.01861477343552401,0.006864419621067894],"eigenvalues":[0.09535675828974141,0.16205925707515428,0.2515677818119382,0.33627272714438855,0.411537724387472,0.49668049406512405,0.5872223047005308,0.6842446454448606,0.7639184523694919,0.8610316651909264,0.8858924317620731,0.9455173171606692,0.9810975559867168,0.9926374152030633],"condition_number":10.409722740227132,"optimal_damping":1.84}