{"residual_norms":[0.09881793589626012,0.09881793589626012,0.11093622793258855,0.22363247452072096,0.35259664873015745,0.38971976944700215,0.3119425024060653,0.18511621905286693,0.010480576999637128,2.3988350476976225e-5,1.693026368136656e-9],"eigenvalues":[1.0002199422197466,1.0002199422197466,1.1381184760375491,1.561412705805425,1.8506459337413563,2.3881702996031673,2.793908957872208,3.2358767752080375,3.889428539475934,6.24989555626974,12.429050944000437],"condition_number":12.426317872064377,"optimal_damping":0.149}