{"kgrid":[3,4,1],"mixing":"HybridMixing(1.84, 14, 1.0, identity, true, false)","temperature":0.0,"Ecut":20,"lattice":[[15.10790948462645,0.0,0.0],[0.0,10.682905246131922,0.0],[0.0,0.0,67.98559268081905]],"n_electr":160,"n_bands":89,"diag_lattice":[15.10790948462645,10.682905246131922,67.98559268081905],"α":1.84,"energies":[-170.343630082274,-170.31526922824412,-170.41239304962588,-170.43995510975265,-170.44056054970142,-170.44067604844707,-170.44077863375423,-170.44077995289445,-170.4407817953457,-170.44078208061836,-170.44078229734737,-170.44078247491876,-170.44078254281416,-170.4407825640767,-170.44078257296417,-170.44078257603957,-170.4407825771793,-170.44078257752813,-170.44078257759014,-170.44078257759784,-170.44078257759784],"smearing":"DFTK.Smearing.None()","fft_size":[48,36,216],"n_kirred":8}