{"kgrid":[3,4,1],"mixing":"HybridMixing(0.149, 1, 1.0, identity, true, false)","temperature":0.0,"Ecut":20,"lattice":[[15.10790948462645,0.0,0.0],[0.0,10.682905246131922,0.0],[0.0,0.0,67.98559268081905]],"n_electr":160,"n_bands":89,"diag_lattice":[15.10790948462645,10.682905246131922,67.98559268081905],"α":0.149,"energies":[-170.34363365321406,-170.39172032716624,-170.36923533063424,-170.43240204078742,-170.43859834882863,-170.43260140420165,-170.44053774072947,-170.44073266994823,-170.44076954742104,-170.44078053865636,-170.44078224665154,-170.4407825122886,-170.44078257196415,-170.44078257511245,-170.44078257728705,-170.440782577437,-170.44078257754984,-170.44078257757724,-170.44078257758406,-170.44078257758406],"smearing":"DFTK.Smearing.None()","fft_size":[48,36,216],"n_kirred":8}