{"residual_norms":[0.00012610688749954647,0.0001518276427577564,0.0005091501449905304,0.010157647358251184,0.060330768133235464,0.07167436822358407,0.06336560185987332,0.0858573157190279,0.05900822257796057,0.07504337458311994,0.07442898408135266,0.06765476607585173,0.06914834484455538,0.050414660050371596,0.03704883662724263,0.02447893767205997,0.012955782240936251,0.006055924541262064],"eigenvalues":[0.014832155872790992,0.07877335532159765,0.14336797412423938,0.22905189737616705,0.28739359520721847,0.33977753108651043,0.3994589796741931,0.4856455274453375,0.5530408675229693,0.6316671345302752,0.7153554851468077,0.7787261119667881,0.8410343476882041,0.8941110349028248,0.9385120177219151,0.9693290789984914,0.9866103148149792,0.9935748144567718],"condition_number":66.98788921706559,"optimal_damping":1.98}