{"kgrid":[3,4,1],"mixing":"KerkerMixing(1.98, 1.0)","temperature":0.0,"Ecut":20,"lattice":[[15.10790948462645,0.0,0.0],[0.0,10.682905246131922,0.0],[0.0,0.0,67.98559268081905]],"n_electr":160,"n_bands":89,"diag_lattice":[15.10790948462645,10.682905246131922,67.98559268081905],"α":1.98,"energies":[-170.34362640107153,-170.31798060160202,-170.4196966659128,-170.4401106036538,-170.44053673646863,-170.44054935814876,-170.44059076632834,-170.44062945030623,-170.44065902887874,-170.44068502566424,-170.44070572800757,-170.44073350066444,-170.4407497034843,-170.4407575138784,-170.44076155213727,-170.44076430619873,-170.44076732403897,-170.44077083748766,-170.4407780219206,-170.4407821269909,-170.44078253170196,-170.4407825753622,-170.4407825775662,-170.44078257756382,-170.44078257756382],"smearing":"DFTK.Smearing.None()","fft_size":[48,36,216],"n_kirred":8}