{"residual_norms":[0.02109366123140456,0.03463955302904418,0.013568227255059035,0.05682436367118938,0.055800692535842376,0.09035889545628847,0.08780809924700964,0.09552193853906793,0.09231558860908332,0.0305275140020034,0.07192704765469977,0.048904409696921364,0.10968858887355269,0.010459990142258577,0.015301370460354544,0.0004812589272806197,9.136387820879067e-5,1.7860946563083847e-5,8.926357150623467e-7,8.609745527852092e-10,1.4037370546829195e-14,1.8551080164819734e-14],"eigenvalues":[0.9293396130413126,0.9685779337122853,0.9999048685510065,1.0289006214312806,1.0927545733590807,1.1686896028361373,1.2698089074426888,1.412235510980527,1.5356212173658237,1.6754185515739959,1.812473675352212,2.063284060469475,2.1238836933386414,2.2732070038686407,2.4373850800579033,2.5868344172302757,2.931410940741583,3.009405503676948,3.293785918980373,3.889510086129016,6.249931877235929,12.428764991516083],"condition_number":13.373760051874145,"optimal_damping":0.15}