{"kgrid":[3,4,1],"mixing":"SimpleMixing(0.15)","temperature":0.0,"Ecut":20,"lattice":[[15.10790948462645,0.0,0.0],[0.0,10.682905246131922,0.0],[0.0,0.0,67.98559268081905]],"n_electr":160,"n_bands":89,"diag_lattice":[15.10790948462645,10.682905246131922,67.98559268081905],"α":0.15,"energies":[-170.34362502420427,-170.39197969395653,-170.3699434378961,-170.43240605642495,-170.4385823042911,-170.43226547919585,-170.4405510133514,-170.44073239515023,-170.44076956026927,-170.44078069965332,-170.44078225952967,-170.44078251165016,-170.44078257262726,-170.44078257514957,-170.44078257729072,-170.44078257743786,-170.44078257756962,-170.44078257759085,-170.4407825775949,-170.4407825775949],"smearing":"DFTK.Smearing.None()","fft_size":[48,36,216],"n_kirred":8}