{"kgrid":[3,4,1],"mixing":"RestaMixing(1.74, 14, 1.0)","temperature":0.0,"Ecut":20,"lattice":[[15.10790948462645,0.0,0.0],[0.0,10.682905246131922,0.0],[0.0,0.0,67.98559268081905]],"n_electr":160,"n_bands":89,"diag_lattice":[15.10790948462645,10.682905246131922,67.98559268081905],"α":1.74,"energies":[-170.34361671590858,-170.34404751567757,-170.41844233671424,-170.440057208069,-170.44059727414304,-170.44070567573368,-170.44077874337933,-170.44078009097944,-170.44078174372208,-170.44078207621757,-170.44078230767752,-170.44078247850558,-170.44078254427689,-170.4407825655273,-170.44078257283402,-170.44078257611608,-170.4407825772557,-170.4407825775429,-170.44078257759386,-170.44078257759918,-170.44078257759918],"smearing":"DFTK.Smearing.None()","fft_size":[48,36,216],"n_kirred":8}