{"residual_norms":[0.002708501474558015,0.01994144605086522,0.046408031565074385,0.07163196486960755,0.07447262020942472,0.08649802485465768,0.08423345004730406,0.08389194715565787,0.056432097596381924,0.03860857275816144,0.01937797577786022,0.007164413677339185],"eigenvalues":[0.15894902838926128,0.25076195359048814,0.33497023496176354,0.389285207869675,0.509926516257323,0.6109105478205106,0.7136708616606423,0.8001181362546532,0.8853148702426631,0.945478129974455,0.9803475370660786,0.9925076660861715],"condition_number":6.244188317122334,"optimal_damping":1.74}