{"kgrid":[3,3,1],"mixing":"KerkerMixing(0.5, 1.0)","temperature":0.001,"Ecut":20,"lattice":[[7.653390808104204,0.0,0.0],[0.0,7.653390808104204,0.0],[0.0,0.0,76.53390808104204]],"n_electr":120,"n_bands":68,"diag_lattice":[7.653390808104204,7.653390808104204,76.53390808104204],"α":0.5,"energies":[-78.452248528663,-82.27743224791675,-82.243982708983,-82.89532556090523,-82.91372079033373,-82.91560845335663,-82.91605126994767,-82.9160538139968,-82.91605374944858,-82.91605389782224,-82.91605389800895,-82.91605389800638,-82.91605389800638],"smearing":"DFTK.Smearing.Gaussian()","fft_size":[25,25,240],"n_kirred":9}