{"residual_norms":[0.007639978922939531,0.025450995165029588,0.03251628123743011,0.030299869329846754,0.03794584950950593,0.049551730507765165,0.04592658990167451,0.038509017210887585,0.012090570148067224,0.09047248023688068,0.05024979196768507,0.022983198384088622,0.0025204893635823854,0.009193801077962058,0.007998825751919306,0.009736611925562574,5.096516604539618e-7,2.859255675323306e-7],"eigenvalues":[0.7120374042187447,0.7339757218869216,0.7546230482295466,0.7871660561883709,0.8277801157791255,0.8694915371199099,0.9214439121169549,0.9654362116595969,0.9910124230891656,1.0413921319438688,1.1487944197264475,1.2098601050968858,1.2457069106041474,1.3439605244131605,1.3747017019122347,1.3811586937734568,1.7636345872903545,1.764661178316891],"condition_number":2.4783265146767066,"optimal_damping":0.808}