{"kgrid":[3,3,1],"mixing":"KerkerMixing(0.808, 1.0)","temperature":0.001,"Ecut":20,"lattice":[[7.653390808104204,0.0,0.0],[0.0,7.653390808104204,0.0],[0.0,0.0,76.53390808104204]],"n_electr":120,"n_bands":68,"diag_lattice":[7.653390808104204,7.653390808104204,76.53390808104204],"α":0.808,"energies":[-78.45229254188658,-82.82043332239772,-82.79998057489696,-82.91243123772156,-82.91537310118913,-82.91605367916962,-82.91605375649193,-82.91605388986795,-82.91605389731362,-82.91605389789089,-82.91605389801605,-82.91605389801929,-82.91605389801929],"smearing":"DFTK.Smearing.Gaussian()","fft_size":[25,25,240],"n_kirred":9}