{"residual_norms":[0.02232663150710241,1.0737694175415609,2.5965729214275846,3.169629953560125,2.0591782265951384,8.086475414848953,0.08287418222508645,5.622788924491155,0.009999094712006348,2.0183269962360297e-7,5.483445717139798e-8],"eigenvalues":[0.9976678688381566,1.6844655418276564,3.607399282761415,7.173888951233542,12.050114801573617,15.40826705550422,23.608936921031773,45.80187957299231,46.803172204097415,260.8038288540662,260.9636741542425],"condition_number":261.57369832723003,"optimal_damping":0.00763}