{"kgrid":[3,3,1],"mixing":"SimpleMixing(0.00763)","temperature":0.001,"Ecut":20,"lattice":[[7.653390808104204,0.0,0.0],[0.0,7.653390808104204,0.0],[0.0,0.0,76.53390808104204]],"n_electr":120,"n_bands":68,"diag_lattice":[7.653390808104204,7.653390808104204,76.53390808104204],"α":0.00763,"energies":[-77.74466464956758,-80.91386363868014,-82.75456227516426,-75.81572989846057,-78.34977171798089,-80.50443786178677,-80.17567972809428,-82.48149943255386,-82.74621810731655,-82.3094254953274,-82.8252689379682,-82.86835542089815,-82.88219801859917,-82.821812489304,-82.90644555529546,-82.91112290676948,-82.90947995699563,-82.91389123364479,-82.91466346707509,-82.91466836720846,-82.91430507393692,-82.91515775776293,-82.915815795841,-82.91587467298176,-82.9159125371286,-82.91582517835593,-82.91591269955349,-82.91559307238971,-82.91596557604234,-82.9160342526579,-82.91603315813377,-82.91602762652575,-82.9160377270479,-82.91603820870826,-82.91604860710324,-82.91605217782352,-82.91605295435976,-82.91605307972232,-82.91605330802474,-82.91605161456015,-82.91605336004017,-82.91605365063431,-82.91605368490697,-82.91605374814841,-82.9160538255359,-82.91605385795481,-82.91605381003177,-82.91605385600822,-82.91605385621054,-82.91605384920935,-82.91605384920935],"smearing":"DFTK.Smearing.Gaussian()","fft_size":[25,25,240],"n_kirred":9}