{"residual_norms":[0.006593548995281299,0.012982070145209806,0.016173160445676203,0.027722037548537384,0.032841846358974844,0.037231410626918995,0.03919713125562946,0.03526882452976856,0.029380970417995422,0.012200378599658624,0.062273732582859384,0.03873343887517172,0.060164611916960306,0.047933608464134914,0.042566853603198083,0.024564301255116387,0.012666494605634886,0.013286306063392215,0.0015134184117885912,0.001235226324449303,6.234525820416073e-5,0.00017939037801950155,1.0542509305701373e-8,1.2358254857684303e-8,8.638159559925199e-13,4.148435005706858e-12,9.614473921553536e-15,4.749805323995693e-14,2.1550683188673406e-14,1.3641516042081942e-14,3.116670783619063e-14,2.3063260628452435e-14,3.782969025925557e-14,4.556977265614934e-14,2.2711443452776352e-13,1.1182091527580886e-13],"eigenvalues":[0.7740444961447693,0.7877170691084577,0.8006855749042489,0.8233499565659019,0.8489242051477542,0.881697019834229,0.9165738319573798,0.9502895646334911,0.980833983747362,0.9925532481316317,1.080916590328823,1.1415889653902378,1.214626512817422,1.2682217889649283,1.3143729312231112,1.3648111343269138,1.4028693117746152,1.4217032604859308,1.7521369937259614,1.7522389957347488,1.8846809852185056,1.8851838534169818,2.2170802287079256,2.2184600136410313,2.8558845169094087,2.8561646699084724,4.3548156938983995,4.356800795466896,5.5589519353506915,5.559212695421734,10.291592398658839,10.341622753635532,19.926968391956965,19.970072840615902,109.26859452681221,109.33555560612379],"condition_number":141.25228736937467,"optimal_damping":0.0182}