{"kgrid":[3,3,1],"mixing":"RestaMixing(0.0958, 14, 1.0)","temperature":0.001,"Ecut":20,"lattice":[[7.653390808104204,0.0,0.0],[0.0,7.653390808104204,0.0],[0.0,0.0,76.53390808104204]],"n_electr":120,"n_bands":68,"diag_lattice":[7.653390808104204,7.653390808104204,76.53390808104204],"α":0.0958,"energies":[-78.45434272067357,-81.30540702866519,15.865096924354296,-82.62060754221946,-82.75479134708387,-82.89271289617673,-82.87227317243114,-82.897857161874,-82.91389619971272,-82.91513577991134,-82.91575079321903,-82.91575004373819,-82.91595501797654,-82.9160520412916,-82.91605097755007,-82.91605380053419,-82.91605364563429,-82.91605380125863,-82.91605380885757,-82.91605387385917,-82.91605389397982,-82.91605389742125,-82.9160538971704,-82.91605389792544,-82.91605389790242,-82.91605389800878,-82.91605389800787,-82.91605389800787],"smearing":"DFTK.Smearing.Gaussian()","fft_size":[25,25,240],"n_kirred":9}