{"residual_norms":[0.00838182676393054,0.01626625542050958,0.028535419969478906,0.04560837635570931,0.05284089797093397,0.057778918719873285,0.05454694582600906,0.050634571720543094,0.017858930770220785,0.10350434018025524,0.020296752403696165,0.08613156603328359,0.035084294158731454,7.598852919080266e-5,0.00024899042547924633,0.0006661999834915051,0.0011642082444095184,0.0009664322729173206,2.4051365155925662e-11,6.975171014457975e-12,1.1242754828326759e-14,1.0411874879166206e-14,2.044819927659991e-14,2.7928743504782093e-14],"eigenvalues":[0.7240533453759647,0.7469774868789769,0.7706327040767901,0.8029589983753673,0.8414531865966044,0.8886614133618269,0.9361021392352604,0.9745075880965652,0.9918556117317444,1.0472303019576794,1.199663813524516,1.2510019231277165,1.2642751597302018,1.4181691233840024,1.832922802502881,1.8337594789629255,1.9243618825372928,1.9244457360544491,2.8632949428975025,2.8774332631944732,4.4108626162042555,4.420495650662211,20.143959238553737,20.156292496536878],"condition_number":27.838131852109218,"optimal_damping":0.0958}