{"kgrid":[3,3,1],"mixing":"RestaMixing(0.0182, 2.4, 1.0)","temperature":0.001,"Ecut":20,"lattice":[[7.653390808104204,0.0,0.0],[0.0,7.653390808104204,0.0],[0.0,0.0,76.53390808104204]],"n_electr":120,"n_bands":68,"diag_lattice":[7.653390808104204,7.653390808104204,76.53390808104204],"α":0.0182,"energies":[-78.45397056097029,-81.06114877405953,-81.64258335132864,-69.04413221749688,-80.81208385665778,-81.57547543740384,-82.63501619081138,-82.8799618591254,-82.82612605543125,-82.871735740426,-82.90399055610743,-82.91397301665297,-82.91278670101802,-82.91530632796047,-82.91566835251867,-82.91560404275725,-82.91593901929734,-82.91597963680861,-82.91595987863919,-82.91599290268665,-82.91604763597498,-82.9160474308948,-82.91601691354923,-82.91604980778662,-82.91605276175711,-82.91605094007086,-82.91605288293265,-82.91605317493244,-82.91605336801592,-82.91605365203068,-82.91605345926797,-82.9160538083918,-82.91605381703775,-82.91605359708497,-82.9160536765044,-82.91605364783322,-82.91605367621615,-82.91605388292541,-82.91605388336764,-82.9160538898885,-82.91605389245393,-82.91605389396766,-82.91605389312141,-82.91605389557523,-82.91605389616768,-82.9160538974539,-82.91605389764104,-82.91605389598058,-82.91605389429985,-82.91605389722987,-82.91605389722987],"smearing":"DFTK.Smearing.Gaussian()","fft_size":[25,25,240],"n_kirred":9}