{"residual_norms":[0.0005823190722286494,0.008961782572293547,0.029360776861309015,0.046740106273749533,0.06275952305582484,0.04805901774283928,0.06330792870185795,0.07265805732982107,0.07387033623508545,0.06721764449077833,0.055698591566760436,0.057641282478782925,0.04028500876296575,0.027405984042391467,0.01207928156601264,0.004399303587842329],"eigenvalues":[0.21703178180792182,0.27141704477235334,0.31983566459603135,0.3565944288324595,0.4090225368823268,0.46945478013210296,0.5568073090042736,0.6140476922045368,0.6992217688410355,0.7547265069684046,0.8266351811359803,0.881223674631902,0.9357888960584522,0.9715543917648463,0.9902170404229507,0.9996758564866417],"condition_number":4.606126568925182,"optimal_damping":1.64}