{"kgrid":[3,4,1],"mixing":"HybridMixing(1.64, 14, 1.0, var\"#1579#1587\"{Int64,var\"#periodise#1586\"}(30, var\"#periodise#1586\"(), Core.Box(0.9820935375589165), Core.Box(1.5179064624329865)), true, false)","temperature":0.0,"Ecut":20,"lattice":[[15.10790948462645,0.0,0.0],[0.0,10.682905246131922,0.0],[0.0,0.0,143.52514010395132]],"n_electr":320,"n_bands":173,"diag_lattice":[15.10790948462645,10.682905246131922,143.52514010395132],"α":1.64,"energies":[-340.9635364178321,-340.93000467636193,-341.0267758780104,-341.0938194508221,-341.09521580877515,-341.0956550924706,-341.09613971057036,-341.0961562812487,-341.09615750165443,-341.09615759539963,-341.09615767936634,-341.0961576974038,-341.0961576998741,-341.09615769997384,-341.09615769990614,-341.0961576999333,-341.0961576999275,-341.0961576999275],"smearing":"DFTK.Smearing.None()","fft_size":[48,36,450],"n_kirred":8}