{"kgrid":[3,4,1],"mixing":"HybridMixing(0.5, 14, 1.0, var\"#250#258\"{Int64,var\"#periodise#257\"}(30, var\"#periodise#257\"(), Core.Box(0.9820935375589165), Core.Box(1.5179064624329865)), true, false)","temperature":0.0,"Ecut":20,"lattice":[[15.10790948462645,0.0,0.0],[0.0,10.682905246131922,0.0],[0.0,0.0,143.52514010395132]],"n_electr":320,"n_bands":173,"diag_lattice":[15.10790948462645,10.682905246131922,143.52514010395132],"α":0.5,"energies":[-340.9635166595897,-341.05645952384083,-341.09217641057546,-341.0952318119042,-341.0959663742109,-341.09612715515914,-341.0961524590112,-341.0961564260191,-341.0961569703711,-341.0961572769638,-341.09615755090067,-341.0961576513246,-341.09615769429007,-341.09615769925944,-341.0961576999352,-341.096157699938,-341.096157699938],"smearing":"DFTK.Smearing.None()","fft_size":[48,36,450],"n_kirred":8}