{"residual_norms":[0.005800712486668056,0.030433274288332934,0.042133629563327765,0.08994979470447381,0.0719679651201234,0.07227543226419232,0.0766818641133059,0.09191405620951824,0.09178049325204118,0.07925388527701595,0.06898063168725363,0.05953977642161121,0.04408827167486005,0.02941871512199572,0.015221441354155405,0.0065110349235352905],"eigenvalues":[0.0768561960331991,0.10387228524268596,0.14290736357664133,0.24378963928117467,0.3105187354353272,0.37792009464141807,0.4762196338916628,0.5649869718250768,0.6424561934137932,0.724080906037961,0.7979604838759046,0.8698852995504696,0.9230209435436203,0.9624735461094163,0.9846398597556159,0.9931599197093443],"condition_number":12.922314282642027,"optimal_damping":1.87}