{"kgrid":[3,4,1],"mixing":"HybridMixing(0.121, 1, 1.0, identity, true, false)","temperature":0.0,"Ecut":20,"lattice":[[15.10790948462645,0.0,0.0],[0.0,10.682905246131922,0.0],[0.0,0.0,143.52514010395132]],"n_electr":320,"n_bands":173,"diag_lattice":[15.10790948462645,10.682905246131922,143.52514010395132],"α":0.121,"energies":[-340.96353644635514,-341.0141005199756,-340.9901688209022,-341.0333521966803,-341.0056638452578,-341.0703917199317,-341.09443430494446,-341.09553408628415,-341.0946706794849,-341.0958460186765,-341.0961490319447,-341.0961571019643,-341.0961570181088,-341.09615762270397,-341.09615743599375,-341.0961576809507,-341.09615769111736,-341.096157699354,-341.0961576997982,-341.09615769988056,-341.09615769993786,-341.09615769997106,-341.0961576999683,-341.0961576999683],"smearing":"DFTK.Smearing.None()","fft_size":[48,36,450],"n_kirred":8}