{"kgrid":[3,4,1],"mixing":"HybridMixing(1.87, 14, 1.0, identity, true, false)","temperature":0.0,"Ecut":20,"lattice":[[15.10790948462645,0.0,0.0],[0.0,10.682905246131922,0.0],[0.0,0.0,143.52514010395132]],"n_electr":320,"n_bands":173,"diag_lattice":[15.10790948462645,10.682905246131922,143.52514010395132],"α":1.87,"energies":[-340.96353421762456,-340.9360133394159,-341.0634974205301,-341.09443944463357,-341.0955969224286,-341.0958844511519,-341.09615109893775,-341.0961545151348,-341.09615658824714,-341.0961572486745,-341.096157317484,-341.09615752382626,-341.09615763616415,-341.0961576774587,-341.0961576917736,-341.09615769665186,-341.0961576985154,-341.0961576992494,-341.09615769941047,-341.0961576997626,-341.0961576998212,-341.09615769988704,-341.09615769993513,-341.09615769997095,-341.09615769995975,-341.09615769992376,-341.0961576999477,-341.09615769994275,-341.09615769994275],"smearing":"DFTK.Smearing.None()","fft_size":[48,36,450],"n_kirred":8}