{"residual_norms":[0.015243393692517399,0.13922213611567089,0.3528164057849291,0.3696949017836557,0.36484660127334717,0.4960331125931421,0.15460499430300162,0.048832857133169906,0.0038100914876659907,3.914137984604926e-5,8.659294617771778e-6],"eigenvalues":[1.0000656981038825,1.0695849593403743,1.345735035090224,1.7901854347378556,2.538738594872973,3.489275900610345,4.579984964944224,5.850840059054602,7.662491972468496,10.434809468677045,15.502479123364695],"condition_number":15.501460706788851,"optimal_damping":0.121}