{"residual_norms":[2.0448881465449007e-5,0.00012673737509371052,0.0008107306444487699,0.004375904883537837,0.026461763502127787,0.03445749614437448,0.01563077193638699,0.053059108198746284,0.03937434067183265,0.04201697266888981,0.037008510818498395,0.03789925032471098,0.05656541733402011,0.04212645033972435,0.05004670656364216,0.044748760945448544,0.06379463637815252,0.06326312385935988,0.058611909552873306,0.05967598307365494,0.049100951376824735,0.04658503041903766,0.04546543207132819,0.03425219922523953,0.03613082364608662,0.031503710874876585,0.026481290608880007,0.02166703914867057,0.016236449078023407,0.011239658481570082,0.006849016311511161,0.0038221585390407977],"eigenvalues":[0.0031866404767904345,0.018142448711937917,0.04263708877523093,0.056370504255269564,0.09263844208798469,0.11299492127950525,0.1359926315294792,0.1693568616555458,0.19824506925385788,0.24793231071393904,0.2917700371445514,0.3268452418118974,0.3706532785340927,0.4245771683502129,0.46420692407376074,0.5252506931023464,0.57281721835718,0.6120891377561738,0.659640132866626,0.7012761491658887,0.7502260703887749,0.7876567324096413,0.8234812732398931,0.8608107829059569,0.8915705516228738,0.9191983904090573,0.9420993683143296,0.9609032155392937,0.9754293430392447,0.9855512057249775,0.9915032272958765,0.9948187739827064],"condition_number":312.1841893456026,"optimal_damping":2.0}