{"kgrid":[3,4,1],"mixing":"KerkerMixing(2.0, 1.0)","temperature":0.0,"Ecut":20,"lattice":[[15.10790948462645,0.0,0.0],[0.0,10.682905246131922,0.0],[0.0,0.0,143.52514010395132]],"n_electr":320,"n_bands":173,"diag_lattice":[15.10790948462645,10.682905246131922,143.52514010395132],"α":2.0,"energies":[-340.9635151517129,-340.93487321179634,-341.0724365807585,-341.09491294908355,-341.0958228976707,-341.0959371197324,-341.0959832082003,-341.09602293383335,-341.096037746953,-341.0960482644894,-341.09605624561823,-341.0960635453394,-341.0960703128208,-341.09607728099024,-341.0960847506107,-341.0960953971711,-341.09610973405296,-341.0961209287244,-341.09613100117406,-341.0961365710517,-341.0961409721931,-341.09614279328605,-341.09614423598794,-341.0961462495262,-341.09614770835503,-341.09614841290033,-341.09615044276006,-341.0961504766316,-341.0961512662324,-341.0961515378998,-341.09615174760063,-341.0961518726947,-341.09615189694773,-341.0961519519293,-341.0961521052388,-341.09615219666307,-341.0961523969593,-341.0961525820938,-341.0961529258307,-341.0961536055684,-341.09615427274,-341.09615462390684,-341.0961549908509,-341.0961552680611,-341.09615674644436,-341.09615686312725,-341.0961564693635,-341.0961572850759,-341.096157519484,-341.09615752929227,-341.09615752929227],"smearing":"DFTK.Smearing.None()","fft_size":[48,36,450],"n_kirred":8}