{"residual_norms":[0.04525103778852976,0.13166945168432914,0.18475765687370307,0.10804073457823729,0.38597169067440595,0.3425959130908457,0.2777518619275505,0.004622759122388635,0.0007782271914968186,6.019648486852126e-5,3.2809981461807655e-8],"eigenvalues":[1.0002831626210136,1.0269264388437083,1.1643060860235583,1.6612490870961263,2.2026119924551373,2.884766829478186,3.7278445813413925,5.847606802114846,7.663141278957638,10.435817221078569,15.50149784615389],"condition_number":15.497109643968969,"optimal_damping":0.121}