{"residual_norms":[0.002698346624074911,0.008945336252696352,0.005584197228826233,0.014901347426684117,0.019428676267034876,0.026935133504805208,0.03932541913979811,0.06842143789387496,0.05941488867395577,0.05920372130886135,0.06326362953277903,0.06717680822934298,0.06424178343083545,0.05273986110659754,0.048763923411247974,0.04746824058363791,0.03952009974866613,0.032276361243440944,0.02032447197129593,0.010673846295276158,0.005114682787463373],"eigenvalues":[0.07724632777747481,0.09456515423204989,0.12161691659474842,0.1584836853179023,0.2013544847007155,0.28922889017134307,0.3274595587758587,0.40883828395659316,0.4738677164130442,0.530979563043655,0.6044041548421217,0.6613861359889758,0.7110968103495475,0.7692538223141551,0.8256467017822915,0.8822138041454225,0.9100004761729075,0.9459948063916953,0.9732705258049786,0.9877066139496794,0.9937921065910419],"condition_number":12.865234311899986,"optimal_damping":1.87}