{"kgrid":[3,4,1],"mixing":"RestaMixing(1.87, 14, 1.0)","temperature":0.0,"Ecut":20,"lattice":[[15.10790948462645,0.0,0.0],[0.0,10.682905246131922,0.0],[0.0,0.0,143.52514010395132]],"n_electr":320,"n_bands":173,"diag_lattice":[15.10790948462645,10.682905246131922,143.52514010395132],"α":1.87,"energies":[-340.9635227003976,-340.93600344729884,-341.0634975742737,-341.0944397483521,-341.0955969522532,-341.0958841386398,-341.0961510236484,-341.0961544285534,-341.096156597947,-341.0961572427111,-341.09615732316314,-341.09615752848185,-341.0961576393201,-341.09615767882156,-341.0961576919973,-341.0961576967348,-341.0961576985901,-341.096157699284,-341.0961576994266,-341.09615769979234,-341.09615769981565,-341.096157699901,-341.0961576999509,-341.0961577000019,-341.0961576999299,-341.09615769994207,-341.09615769993815,-341.09615769993815],"smearing":"DFTK.Smearing.None()","fft_size":[48,36,450],"n_kirred":8}