{"residual_norms":[0.01135234541911579,0.02132250521067224,0.04597766422172842,0.05341310971715625,0.057441680124740144,0.07795369707258958,0.08381599169803428,0.09897891666704761,0.10403212605647523,0.0864010085282208,0.0318589541942782,0.15532857084690072,0.12853325907731303,0.15242148778737866,0.1365524690935689,0.19197333085505594,0.233702594259281,0.17557051184653102,0.1360594412603791,0.13989116403049345,0.21735819910835838,0.14405733569601775,0.1161883100480588,0.1786946221209969,0.20989698035726864,0.11273737973240057,0.12321237686965719,0.06672229215067077,0.1128399643679922,0.09568700160381352,0.06475780578086118,0.025345641525279673,0.005530803491241477,0.0003307729654990763,1.7162363358765798e-5,4.2651929659801544e-12,6.50450086553824e-15],"eigenvalues":[0.5316732387393821,0.551252212149547,0.5726869806364442,0.6001148694768792,0.6470693704778557,0.7060847903589866,0.7533312277037245,0.8225535902332869,0.8951295996850555,0.9662524898884202,0.9961515607715373,1.103881390786622,1.198094587007362,1.2969687361249314,1.404559531453475,1.5485868618534495,1.6336088551670973,1.7452580732238876,1.8575618799476306,1.9755364351157203,2.1412546880031367,2.2632880429990814,2.362955767943503,2.4691764494068034,2.600379617320085,2.6479028360247803,2.7658133593859056,2.878111229760053,2.948154182150384,2.9899139991020065,3.051158219296886,3.103285262356167,3.1351409925235854,3.197085574498482,3.289828456513734,3.7438367003583584,5.451972526693602],"condition_number":10.25436702366371,"optimal_damping":0.334}