{"kgrid":[3,4,1],"mixing":"HybridMixing(0.334, 14, 1.0, var\"#223#231\"{Int64,var\"#periodise#230\"}(30, var\"#periodise#230\"(), Core.Box(0.9796124068570924), Core.Box(1.5213465358236058)), true, false)","temperature":0.0,"Ecut":20,"lattice":[[15.10790948462645,0.0,0.0],[0.0,10.682905246131922,0.0],[0.0,0.0,128.01237112782064]],"n_electr":808,"n_bands":425,"diag_lattice":[15.10790948462645,10.682905246131922,128.01237112782064],"α":0.334,"energies":[-1387.013338341397,-1388.5279478831158,-1388.617877848253,-1372.35421753229,-1360.1608557767554,-1388.65150303023,-1388.6925110946659,-1388.6953703071304,-1388.6533068918873,-1388.7010989035894,-1388.7049187108655,-1388.7077863052366,-1388.7087563717917,-1388.7093029478328,-1388.7093504483091,-1388.7093423543029,-1388.7093600474827,-1388.709365568197,-1388.7093660703322,-1388.7093661386316,-1388.7093661449615,-1388.7093661460071,-1388.7093661463678,-1388.7093661464314,-1388.7093661464799,-1388.7093661464799],"smearing":"DFTK.Smearing.None()","fft_size":[48,36,400],"n_kirred":12}