{"kgrid":[3,4,1],"mixing":"HybridMixing(0.5, 14, 1.0, var\"#194#202\"{Int64,var\"#periodise#201\"}(30, var\"#periodise#201\"(), Core.Box(0.9796124068570924), Core.Box(1.5213465358236058)), true, false)","temperature":0.0,"Ecut":20,"lattice":[[15.10790948462645,0.0,0.0],[0.0,10.682905246131922,0.0],[0.0,0.0,128.01237112782064]],"n_electr":808,"n_bands":425,"diag_lattice":[15.10790948462645,10.682905246131922,128.01237112782064],"α":0.5,"energies":[-1387.013347723096,-1388.5405929968567,-1388.0754726397827,-1298.276269978505,-1388.6276577986393,-1388.0900268971427,-1387.3446043930965,-1388.699106587896,-1388.7070664368575,-1388.706717561771,-1388.7034208615537,-1388.7044391632203,-1388.7058799655856,-1388.7072614325857,-1388.708336045232,-1388.7092165575523,-1388.7092151780141,-1388.7092689648593,-1388.7093543707651,-1388.7093650154318,-1388.7093659128905,-1388.7093661348708,-1388.7093661454649,-1388.7093661459392,-1388.7093661460021,-1388.7093661464007,-1388.709366146475,-1388.7093661464507,-1388.7093661465365,-1388.7093661464646,-1388.7093661464924,-1388.7093661464876,-1388.7093661464876],"smearing":"DFTK.Smearing.None()","fft_size":[48,36,400],"n_kirred":12}