{"kgrid":[3,4,1],"mixing":"HybridMixing(0.104, 1, 1.0, identity, true, false)","temperature":0.0,"Ecut":20,"lattice":[[15.10790948462645,0.0,0.0],[0.0,10.682905246131922,0.0],[0.0,0.0,128.01237112782064]],"n_electr":808,"n_bands":425,"diag_lattice":[15.10790948462645,10.682905246131922,128.01237112782064],"α":0.104,"energies":[-1387.0133380845855,-1387.7391158393918,-1371.140716560887,94675.30913640477,10008.91744029837,34860.13987550343,52524.42748291913,43019.68926315981,42718.45910335021,42963.69236048675,42879.70824507059,42440.08202918386,46188.52428859073,13380.618129699254,194093.65449146644,139285.8124195333,157448.0626051588,128057.56988817455,137879.30062208424,139040.9265458219,137118.20137990886,141903.11021983772,143823.08520902242,145508.96465532674,191701.49524356186,156198.51049717213,92257.51344265135,220417.45546602487,137741.14976370972,253399.33072177906,234900.87273326164,225222.09511409004,186719.50582219014,198280.77515626053,190824.47782659106,180337.7384464434,277898.23555037205,160337.87692389658,236844.7147363795,131787.02476836342,102753.75881844584,220291.35590461033,261207.60960504846,264364.2085353775,266190.703483918,149962.54648604218,202606.26604294078,203071.24936058855,239413.8241303452,301468.78606070427,301468.78606070427],"smearing":"DFTK.Smearing.None()","fft_size":[48,36,400],"n_kirred":12}