{"residual_norms":[0.0023484369999608955,0.007662486409428541,0.013611686339423749,0.041584049843414884,0.06686319773873566,0.09497222166606827,0.0966374573749125,0.08280546525087647,0.11884334377045018,0.12051734465050636,0.12132364885469724,0.042212455860902415,0.21726763735899518,0.18175503502906046,0.13561448909743853,0.17603243947035468,0.0851613474573005,0.022967065886769496,0.26842314563654485,0.05789827260658548,0.049306235522221555,0.026945745630173094,0.028918803063127392,0.04804506845725517,0.022105235675802797],"eigenvalues":[0.2002016395898411,0.21842388780925143,0.24979823955868324,0.3131663900746882,0.3870992042283157,0.46073631939373716,0.5561258848264732,0.6407262691270542,0.7343423302370665,0.8160510138103512,0.9130883972798445,0.9878052830038752,1.0623116216232764,1.1634456159558666,1.284873585674267,1.3567109259425825,1.4226299409456382,1.595721330005572,1.6518738889586837,1.852259550275826,1.892108174682008,1.9463336176937098,1.9790352075426383,2.0265543867217146,2.0333751290613464],"condition_number":10.15663574597681,"optimal_damping":0.895}