{"kgrid":[3,4,1],"mixing":"HybridMixing(0.895, 14, 1.0, identity, true, false)","temperature":0.0,"Ecut":20,"lattice":[[15.10790948462645,0.0,0.0],[0.0,10.682905246131922,0.0],[0.0,0.0,128.01237112782064]],"n_electr":808,"n_bands":425,"diag_lattice":[15.10790948462645,10.682905246131922,128.01237112782064],"α":0.895,"energies":[-1387.013332190934,-1388.0715753075274,-1388.5124374161294,-1388.7049022000729,-1388.7075499448918,-1388.7085583806906,-1388.7089747629225,-1388.7091909506148,-1388.7092814666842,-1388.709337547729,-1388.7093588399362,-1388.7093641406336,-1388.7093655278586,-1388.7093659964376,-1388.7093660962582,-1388.7093661315212,-1388.7093661425263,-1388.7093661452582,-1388.7093661460797,-1388.7093661464096,-1388.7093661464621,-1388.709366146508,-1388.709366146508],"smearing":"DFTK.Smearing.None()","fft_size":[48,36,400],"n_kirred":12}