{"residual_norms":[0.029772967334282543,0.42013033656674104,0.9160159597433185,1.2400052246615096,1.3754146525620188,1.3272375396259002,1.104809512019888,1.1972103292466496,0.036224434333040206,0.0024618163078281917,0.0010184741565387291],"eigenvalues":[0.9975124313687916,1.1216582173691625,1.8993987844296536,2.8686183963527334,3.667552397183507,5.312304953977705,7.74713717270524,9.247781156004768,11.836786696757011,15.428969564527009,18.159573738983475],"condition_number":18.204859576601784,"optimal_damping":0.104}