{"residual_norms":[0.0011977854139786424,0.0017953797483758948,0.01248622723381693,0.006820215138003312,0.010132759635392527,0.06735462508006981,0.06994762026450209,0.10046421786462569,0.09677302967912284,0.10614433583960267,0.10736600654143771,0.09956764918217474,0.08963078305971586,0.06254319970130191,0.017651761930027612,0.11187534409746,0.05868912042867392,0.09177240938233536,0.015023667872522305,0.3031247409319062,0.07842413077363021,0.05487016216671976,0.06769989128248866,0.05950841473220958,0.03762452594805514,0.021214022048640115,0.0027941621101704598],"eigenvalues":[0.011838702712743416,0.02405193665837525,0.056895264755942754,0.10639109471464518,0.17382026740135814,0.26980244929254366,0.3282851669002971,0.4254477872833181,0.5028406360766957,0.602876935612114,0.6963020603672625,0.7944122594468496,0.883866939281363,0.9567760134677479,0.9909405618092519,1.1333147401361539,1.2155463792603967,1.3026305699731542,1.398392258163562,1.7684690715575069,1.8013811070622865,1.8506965523332781,1.90022940511686,1.9319779640590717,1.9594231573610266,1.9960658786682188,2.013305411619486],"condition_number":170.06132010159558,"optimal_damping":0.988}