{"kgrid":[3,4,1],"mixing":"KerkerMixing(0.988, 1.0)","temperature":0.0,"Ecut":20,"lattice":[[15.10790948462645,0.0,0.0],[0.0,10.682905246131922,0.0],[0.0,0.0,128.01237112782064]],"n_electr":808,"n_bands":425,"diag_lattice":[15.10790948462645,10.682905246131922,128.01237112782064],"α":0.988,"energies":[-1387.0133400367422,-1387.7612552469586,-1388.4078964377297,-1388.6970039586986,-1388.699546666716,-1388.7004241010843,-1388.7010883983253,-1388.7017694112155,-1388.7022401195723,-1388.7029600201085,-1388.7036566365175,-1388.7043697376573,-1388.705204018364,-1388.7060105218804,-1388.691093658969,-1388.7065108262814,-1388.6913179484172,-1388.6915102354865,-1388.6919000332957,-1388.6920861099443,-1388.6924262701377,-1388.6927573812943,-1388.708321867863,-1388.7083226749273,-1388.7083650818154,-1388.7083929965593,-1388.7084784856881,-1388.7085058824207,-1388.708521286527,-1388.7085797301052,-1388.7086277762478,-1388.708762449564,-1388.7089372620953,-1388.689688780589,-1388.7090377875334,-1388.7091321272342,-1388.7091172679732,-1388.709144311293,-1388.7091505152407,-1388.7091510552234,-1388.709139881173,-1388.7091198097417,-1388.7091058650512,-1388.7090934993464,-1388.7090820371263,-1388.6892332923571,-1388.7090937011794,-1388.7090909382819,-1388.7091054868306,-1388.7091041438518,-1388.7091041438518],"smearing":"DFTK.Smearing.None()","fft_size":[48,36,400],"n_kirred":12}