{"residual_norms":[0.02382775997444886,0.33869542455717894,0.6710313369583322,0.7803484732887529,1.2325358682283694,0.853332376127813,1.041982875162856,2.290223158990859,0.09508203570943137,0.0036190915509301514,0.003723803371867611],"eigenvalues":[0.9975295495620122,1.1251736720471615,1.8950290111877706,2.912665610625485,4.167273033621283,6.499098063714538,8.746086698049629,9.40828262795682,11.834555855916943,15.428984700188419,18.159807854031047],"condition_number":18.204781865363806,"optimal_damping":0.104}