{"kgrid":[3,4,1],"mixing":"SimpleMixing(0.104)","temperature":0.0,"Ecut":20,"lattice":[[15.10790948462645,0.0,0.0],[0.0,10.682905246131922,0.0],[0.0,0.0,128.01237112782064]],"n_electr":808,"n_bands":425,"diag_lattice":[15.10790948462645,10.682905246131922,128.01237112782064],"α":0.104,"energies":[-1387.0133335342612,-1387.7391163560364,-1371.1405663085811,94830.3447021022,10003.711290704428,34961.46098810892,52523.38704587757,43047.00839486918,42725.00975123754,42981.26939197104,42852.45620155137,42690.280164552205,46445.67179977016,14613.355897471947,210644.26217961113,144937.35795562097,170300.73745584075,141068.8852399773,141551.63610702218,142011.95719716075,137070.99735032316,143752.17123634694,143667.91006070375,145178.9759795852,211672.10288841813,148203.96749951874,79335.67698509821,135242.0882102409,140039.8720306684,198604.03819613982,57797.74721218185,118363.52176902916,76491.4397347217,103294.98115007613,72304.40370181513,200643.51657441005,277470.3546795431,171282.25900712275,91598.68527998675,69919.05404787,141201.75150396678,52582.03925052662,243415.52649145457,280958.99275483366,292122.8473345767,180087.28609734142,289867.86335456703,251783.32237627963,274663.2698754142,221824.3786534996,221824.3786534996],"smearing":"DFTK.Smearing.None()","fft_size":[48,36,400],"n_kirred":12}