{"residual_norms":[0.004269079951990941,0.0374181675614541,0.059946981398210426,0.11609441919012382,0.12720338193697983,0.09799987015021291,0.1476561900344811,0.16963968210843006,0.10708158581917437,0.15605082055072625,0.13042707766151646,0.07510072738849397,0.04834548758335499,0.02643843419044226,0.10973064067628686,0.08608119191956003,0.04707151637937757,0.0752592382017664,0.02031059760737218],"eigenvalues":[0.2004509392200512,0.2367005264558977,0.2946160781567513,0.4024577201390879,0.5192394508972188,0.6284888383922017,0.7548139614948404,0.8368439562414628,0.9779818179253207,1.0087047081295404,1.1778059835271304,1.3050720059657308,1.41808880340255,1.596827385379896,1.8330055170673283,1.892967584889003,1.9515723218973418,2.0129828687574935,2.035317052452676],"condition_number":10.153691773019553,"optimal_damping":0.895}