{"kgrid":[3,4,1],"mixing":"RestaMixing(0.895, 14, 1.0)","temperature":0.0,"Ecut":20,"lattice":[[15.10790948462645,0.0,0.0],[0.0,10.682905246131922,0.0],[0.0,0.0,128.01237112782064]],"n_electr":808,"n_bands":425,"diag_lattice":[15.10790948462645,10.682905246131922,128.01237112782064],"α":0.895,"energies":[-1387.0133329323783,-1388.0715739014322,-1388.5124380214788,-1388.7049023657087,-1388.7075499959776,-1388.708558400371,-1388.7089747645261,-1388.7091909611363,-1388.7092814547734,-1388.7093375725174,-1388.7093588422185,-1388.7093641423746,-1388.7093655272593,-1388.7093659962134,-1388.7093660962978,-1388.709366131493,-1388.7093661425333,-1388.7093661452918,-1388.7093661461286,-1388.7093661463846,-1388.7093661465055,-1388.7093661465278,-1388.7093661465278],"smearing":"DFTK.Smearing.None()","fft_size":[48,36,400],"n_kirred":12}