{"kgrid":[3,3,1],"mixing":"RestaMixing(0.5, 2.4, 1.0)","temperature":0.0,"Ecut":20,"lattice":[[9.420857152347935,0.0,0.0],[-4.710428576173966,8.158701619357638,0.0],[0.0,0.0,134.58796938709068]],"n_electr":624,"n_bands":330,"diag_lattice":[9.420857152347935,8.158701619357638,134.58796938709068],"α":0.5,"energies":[-1118.9019006696594,-1309.9613223828296,-1353.2114350590068,-1351.8648696971377,-1357.7385102058422,-1357.8120471507743,-1357.826400659622,-1357.830039898366,-1357.8301737598483,-1357.8301967741336,-1357.8301973060502,-1357.8301975489187,-1357.8301975637253,-1357.830197575661,-1357.8301975788158,-1357.8301975789445,-1357.830197579093,-1357.8301975791273,-1357.830197579086,-1357.8301975790787,-1357.8301975790787],"smearing":"DFTK.Smearing.None()","fft_size":[32,32,432],"n_kirred":9}