{"kgrid":[3,3,1],"mixing":"KerkerMixing(1.01, 1.0)","temperature":0.0,"Ecut":20,"lattice":[[9.420857152347935,0.0,0.0],[-4.710428576173966,8.158701619357638,0.0],[0.0,0.0,134.58796938709068]],"n_electr":624,"n_bands":330,"diag_lattice":[9.420857152347935,8.158701619357638,134.58796938709068],"α":1.01,"energies":[-1118.9019387049136,-1241.3443679906209,-1353.067369660246,-1356.2311536374632,-1357.7313937644249,-1357.8087236079564,-1357.8273880130453,-1357.8289516580946,-1357.8292301994375,-1357.829356291577,-1357.8294353226056,-1357.8294783398783,-1357.82953438019,-1357.8295869147748,-1357.8296490963958,-1357.8297319723624,-1357.829832763823,-1357.8298769059368,-1357.8299034013191,-1357.8299285985872,-1357.8299405396276,-1357.8299498635117,-1357.8299630407703,-1357.829978578734,-1357.8299898984815,-1357.829997360962,-1357.830004222743,-1357.8300105373307,-1357.830018332151,-1357.8300241802544,-1357.8300363877715,-1357.8300631116626,-1357.8300941904495,-1357.8301458392875,-1357.8301706781767,-1357.8301819290268,-1357.8301888438116,-1357.830191789219,-1357.8301928479236,-1357.8301936588716,-1357.8301947549587,-1357.830195716529,-1357.8301966478277,-1357.8301972230843,-1357.8301973918287,-1357.8301974647056,-1357.8301975149213,-1357.8301975382383,-1357.8301975517534,-1357.8301975683983,-1357.8301975683983],"smearing":"DFTK.Smearing.None()","fft_size":[32,32,432],"n_kirred":9}