{"residual_norms":[4.1156916763501475e-5,0.00026165742036804906,0.000847843189518762,0.0013565072811410248,0.008231588438114093,0.03233124550206166,0.013445522278807633,0.04664676897814211,0.049497170264521134,0.06197396842666129,0.05536795849440319,0.06625721568069445,0.07165010329203661,0.08365472706993744,0.08187152616718026,0.0761952940671819,0.0656725327289366,0.04958287100612554,0.01510313788233169,0.05484103879730101,0.0790191452733736,0.04386841941551835,0.021127700720180137,0.40880629845341593,0.009795894116385104,0.02118197074483031,0.026371287272985093,0.0467110628522991,0.026154828699367437,0.03808313646245079,0.018476375904311157,0.012858437405325255,0.006442416185670239],"eigenvalues":[0.005617285869686961,0.022064320851791754,0.04815877501280173,0.08217815352920207,0.12188088025490337,0.1675403807353267,0.2100452839546107,0.27987291903231654,0.3340782133189506,0.4053335415778344,0.4870648161621958,0.5498026391083444,0.6318209165734286,0.7027648740206395,0.779840705244864,0.8483575190959273,0.9157328092024246,0.9665289007656055,0.9925788348492478,1.040843618010605,1.1985496205921475,1.21183447533764,1.2274102549748644,1.6552362173463397,1.82451257860801,1.8357942222573318,1.8591438514648944,1.8891428526739462,1.9215052163053181,1.9447005612112875,1.9520902044665562,1.9692507195949849,1.9751788692140864],"condition_number":351.625129116699,"optimal_damping":1.01}