{"kgrid":[3,3,1],"mixing":"SimpleMixing(0.491)","temperature":0.0,"Ecut":20,"lattice":[[9.420857152347935,0.0,0.0],[-4.710428576173966,8.158701619357638,0.0],[0.0,0.0,134.58796938709068]],"n_electr":624,"n_bands":330,"diag_lattice":[9.420857152347935,8.158701619357638,134.58796938709068],"α":0.491,"energies":[-1118.9019220029863,-1346.7921144441195,-1356.929647025535,-1357.1495142378315,-1357.8060105149798,-1357.8278306260959,-1357.829660300024,-1357.8300613502129,-1357.8301876006497,-1357.8301972724037,-1357.8301975608244,-1357.8301975791067,-1357.8301975772677,-1357.8301975789589,-1357.8301975789648,-1357.8301975789648],"smearing":"DFTK.Smearing.None()","fft_size":[32,32,432],"n_kirred":9}