{"residual_norms":[0.02728984934424735,0.031767646984550264,0.06719069216700753,0.08928541520843454,0.13430761275930928,0.20041157495157474,0.13427731422238173,0.12629335432144584,0.08739410085534863,0.08807090973073564,0.06420107704498444,0.10822195696689021,0.10822195696689021,0.15805515367727846,0.08117752881397435,0.0443686483476986,0.009200120900667711],"eigenvalues":[0.9657764264222457,0.9975032144542954,1.0077835932500105,1.1209070958136589,1.2221377161332363,1.4164547374359298,1.4910983655976535,1.70881030696008,1.8775835092914757,2.3170129846784486,2.437186740378302,2.710031307896223,2.710031307896223,2.901484972061966,3.0067232341055643,3.083619558752415,3.1034662347415036],"condition_number":3.213441692958285,"optimal_damping":0.491}