{"residual_norms":[0.006959257014394695,0.019467346672320692,0.036931006416996315,0.04827023099099592,0.06857186725883561,0.054482485593917454,0.06553773418298035,0.055900827044204855,0.01862950479913789,0.0910109906236324,0.01681529575597853,0.047332026787255316,0.027428105871673453,0.0945480237630514,0.05126354351188427,0.38574965277968926,0.026951854589047582,0.07738807979412995,0.06506062790874448,0.06191032696190604,0.05357456612577951,0.01774240309806358,0.030709773091462143,0.010196366743795308],"eigenvalues":[0.6321509213639213,0.6554456063095806,0.6881064102305637,0.7318789772352441,0.7737689947574399,0.8187402594693725,0.888005372637459,0.9523062504682277,0.9915748014941976,1.0440173302898492,1.1747088992622725,1.264248202624631,1.3552149713674908,1.4098656641338312,1.4644095138745963,1.8318137554803258,1.9331092990099288,1.9656731176638775,2.020922233748435,2.0722315644189178,2.1337615087326696,2.158997604354705,2.1768161812730193,2.1898388830525377],"condition_number":3.4641077139107344,"optimal_damping":0.709}