{"kgrid":[3,3,1],"mixing":"RestaMixing(0.915, 14, 1.0)","temperature":0.0,"Ecut":20,"lattice":[[9.420857152347935,0.0,0.0],[-4.710428576173966,8.158701619357638,0.0],[0.0,0.0,134.58796938709068]],"n_electr":624,"n_bands":330,"diag_lattice":[9.420857152347935,8.158701619357638,134.58796938709068],"α":0.915,"energies":[-1118.9018233992438,-1309.3376156065638,-1353.4985257172264,-1355.4021954602863,-1357.747613016173,-1357.822270785461,-1357.8293839347407,-1357.829830123627,-1357.8301254046835,-1357.8301527928577,-1357.830174716648,-1357.8301863368397,-1357.8301916305359,-1357.8301952559273,-1357.8301969832464,-1357.830197447675,-1357.8301975498641,-1357.8301975667268,-1357.830197574616,-1357.8301975778922,-1357.83019757886,-1357.8301975790373,-1357.830197579071,-1357.8301975790794,-1357.8301975790794],"smearing":"DFTK.Smearing.None()","fft_size":[32,32,432],"n_kirred":9}