{"kgrid":[3,3,1],"mixing":"RestaMixing(0.709, 2.4, 1.0)","temperature":0.0,"Ecut":20,"lattice":[[9.420857152347935,0.0,0.0],[-4.710428576173966,8.158701619357638,0.0],[0.0,0.0,134.58796938709068]],"n_electr":624,"n_bands":330,"diag_lattice":[9.420857152347935,8.158701619357638,134.58796938709068],"α":0.709,"energies":[-1118.9018366654439,-1348.7001471195044,-1355.3654962720848,-1357.6349020367898,-1357.747077338499,-1357.8258663180718,-1357.8299159704281,-1357.8301048608419,-1357.830192529011,-1357.8301971793776,-1357.830197450467,-1357.8301975627514,-1357.8301975771199,-1357.8301975788372,-1357.830197578806,-1357.8301975791019,-1357.8301975791148,-1357.8301975790928,-1357.8301975790857,-1357.8301975790857],"smearing":"DFTK.Smearing.None()","fft_size":[32,32,432],"n_kirred":9}