{"residual_norms":[0.006714713619670814,0.05756749439030167,0.05859616177836145,0.10485277783025937,0.11194707690993885,0.11542605441094157,0.07623277157815864,0.021145929263733824,0.017877974710976637,0.048733287167516,0.09659852580742728,0.02843535330480842,0.024502929303147954],"eigenvalues":[0.18721038439877893,0.2369767395208289,0.30321379423994493,0.5199309532394684,0.6771773633799099,0.8332338920221053,0.9528389307932558,0.9924772049971777,1.2236803575476947,1.8419417895066936,1.890127075952513,1.972844233182993,1.9996244792031435],"condition_number":10.681162188865127,"optimal_damping":0.915}