{"kgrid":[6,6,1],"mixing":"HybridMixing(0.5, 1, 1.0, identity, true, false)","temperature":0.001,"Ecut":20,"lattice":[[7.653390808104204,0.0,0.0],[0.0,7.653390808104204,0.0],[0.0,0.0,68.88051727293781]],"n_electr":60,"n_bands":41,"diag_lattice":[7.653390808104204,7.653390808104204,68.88051727293781],"α":0.5,"energies":[-40.816354265797386,-41.149785130327594,-41.352437251646414,-41.3662252430906,-41.39513583491801,-41.40512389294227,-41.4073740394678,-41.407674951576006,-41.40768399229639,-41.40768611868708,-41.40768660745259,-41.407686575410686,-41.407686614271455,-41.40768661777721,-41.40768661771892,-41.40768661780384,-41.40768661781314,-41.40768661781314],"smearing":"DFTK.Smearing.Gaussian()","fft_size":[25,25,216],"n_kirred":10}