{"residual_norms":[0.0004738602223413588,0.0009225268024238865,0.0028756615806329266,0.014598759984036036,0.0237903818848259,0.04537904564591809,0.0407686021527129,0.04388047921081352,0.06213338204345785,0.051791148492152196,0.05343434573310018,0.04935122373787675,0.04769281204136215,0.034696551693176675,0.02382173718898475,0.014970597385371525,0.0034638517535706694],"eigenvalues":[0.2721890664473029,0.2976922742468349,0.3507345973224501,0.3977410312086894,0.44505647062371917,0.48391658170744445,0.5532479033385329,0.6107511979423111,0.6600610430199703,0.7360873373882385,0.7937095529002915,0.8552738082684848,0.9015453670498104,0.9435975773376457,0.97127158904023,0.9885770383040938,0.9995751253581125],"condition_number":3.672355904683758,"optimal_damping":1.57}