{"kgrid":[6,6,1],"mixing":"HybridMixing(1.84, 14, 1.0, identity, true, false)","temperature":0.001,"Ecut":20,"lattice":[[7.653390808104204,0.0,0.0],[0.0,7.653390808104204,0.0],[0.0,0.0,68.88051727293781]],"n_electr":60,"n_bands":41,"diag_lattice":[7.653390808104204,7.653390808104204,68.88051727293781],"α":1.84,"energies":[-40.81635879254842,-41.393829184635166,-41.405883883908665,-41.40728155960711,-41.40755978492291,-41.40763297138971,-41.40766653595567,-41.407679699237015,-41.407684165035235,-41.407685855234696,-41.40768633591273,-41.40768650703595,-41.407686577575575,-41.40768661134899,-41.407686616896115,-41.40768661765468,-41.40768661777305,-41.407686617810995,-41.40768661781263,-41.40768661781263],"smearing":"DFTK.Smearing.Gaussian()","fft_size":[25,25,216],"n_kirred":10}