{"residual_norms":[0.002137920131658214,0.015254956764833983,0.05667255016518201,0.08956006944099702,0.08613540990381323,0.0648227582384542,0.07748802632776833,0.09873706076559179,0.08586844179978226,0.06941808241783767,0.04175308645713721,0.02365482365746606,0.009712152889129688],"eigenvalues":[0.09616970468349242,0.16136840372928055,0.29186603726711113,0.3331929477185088,0.41154211468203544,0.49487946579464687,0.6062349245107026,0.6724062353444137,0.7601559930149289,0.8676644592167462,0.9368957287140565,0.9736510163607012,0.9911064996442254],"condition_number":10.30580787271929,"optimal_damping":1.84}