{"kgrid":[6,6,1],"mixing":"HybridMixing(1.57, 1, 1.0, identity, true, false)","temperature":0.001,"Ecut":20,"lattice":[[7.653390808104204,0.0,0.0],[0.0,7.653390808104204,0.0],[0.0,0.0,68.88051727293781]],"n_electr":60,"n_bands":41,"diag_lattice":[7.653390808104204,7.653390808104204,68.88051727293781],"α":1.57,"energies":[-40.81636387804028,-41.36756490915074,-41.406221038721256,-41.40758686273847,-41.4076257017797,-41.40768441696037,-41.40768654438243,-41.40768661422934,-41.40768661767579,-41.40768661772171,-41.40768661781069,-41.40768661781339,-41.40768661781339],"smearing":"DFTK.Smearing.Gaussian()","fft_size":[25,25,216],"n_kirred":10}