{"kgrid":[6,6,1],"mixing":"KerkerMixing(1.84, 1.0)","temperature":0.001,"Ecut":20,"lattice":[[7.653390808104204,0.0,0.0],[0.0,7.653390808104204,0.0],[0.0,0.0,68.88051727293781]],"n_electr":60,"n_bands":41,"diag_lattice":[7.653390808104204,7.653390808104204,68.88051727293781],"α":1.84,"energies":[-40.816326672736174,-41.27390205753657,-41.310653759124236,-41.40521316851469,-41.40088394491122,-41.4045033957867,-41.40366891247141,-41.405467865747056,-41.40608336996331,-41.406509154077,-41.40678655695326,-41.40704392539212,-41.40713441419343,-41.40718521906344,-41.407340724995954,-41.40762270534742,-41.40764925186035,-41.40768652153976,-41.40768635778767,-41.407686597582746,-41.4076866108888,-41.407686617756966,-41.40768661777278,-41.40768661776118,-41.407686617810796,-41.407686617809446,-41.407686617809446],"smearing":"DFTK.Smearing.Gaussian()","fft_size":[25,25,216],"n_kirred":10}