{"residual_norms":[1.4599820468072507e-5,0.00015807836289105556,0.0004882462239782003,0.0029613457300247553,0.02043931565728975,0.029609261016955615,0.04933332711370399,0.0694281405195879,0.061698785056899776,0.061698785056899776,0.04090566899431907,0.023803709893337705,0.007583443752339483,0.00019090368289253405],"eigenvalues":[0.016596052168708922,0.09116562121275153,0.20594141671719818,0.3348606442534646,0.45133928711435006,0.5440969810178322,0.6417356558380913,0.7198347088124026,0.8195936733737272,0.8195936733737272,0.9107102555219716,0.9720906554308584,0.9917588477694743,1.068953934921773],"condition_number":64.41013344952214,"optimal_damping":1.84}