{"residual_norms":[0.0012081851613114341,0.002895475286007602,0.016017129222672042,0.020116379455273937,0.013015078975763343,0.01763155128809852,0.019473713812141285,0.006979779713340827,0.012502503490930163,0.012502503490930163,0.0001011756700722099,9.041564619752597e-5,1.703901466790064e-5,5.255621531145092e-5,2.4226279059682556e-5,5.8274226647575544e-6,7.446587258132321e-9,4.988186119397033e-12,6.612957748345402e-15,5.083824068304305e-15,9.362692461075465e-15,1.0472950382492262e-14,1.6263639088830098e-14,1.923029360711112e-14],"eigenvalues":[0.9360184405661253,0.9510042542534708,0.9642573318702267,0.9746677259739903,0.9893843652685426,0.9995204037633434,1.0040546551937906,1.0308556742034465,1.0585006625379365,1.0585006625379365,1.103884667549375,1.1880075393022824,1.2084795585595383,1.2495870020645223,1.300494016994379,1.3409163829978024,1.416124384245745,1.5807821525699186,1.9997615456372808,2.579701132148452,4.174226647165442,6.2186954199748286,12.055663433642357,48.23712332065839],"condition_number":51.53437286073497,"optimal_damping":0.0407}