{"kgrid":[6,6,1],"mixing":"SimpleMixing(0.0407)","temperature":0.001,"Ecut":20,"lattice":[[7.653390808104204,0.0,0.0],[0.0,7.653390808104204,0.0],[0.0,0.0,68.88051727293781]],"n_electr":60,"n_bands":41,"diag_lattice":[7.653390808104204,7.653390808104204,68.88051727293781],"α":0.0407,"energies":[-40.81635070185692,-40.90453802001464,-40.656902939733854,-41.112048046646436,-41.32025664448919,-41.36407558765802,-41.40106694094323,-41.39230333116511,-41.407228231911255,-41.40610667257382,-41.407296401572495,-41.407402111389786,-41.40764338483553,-41.40765654992543,-41.407686180448565,-41.40768628193095,-41.40768661524552,-41.40768661376172,-41.40768661777383,-41.40768661780373,-41.4076866177153,-41.40768661781165,-41.40768661781189,-41.40768661781189],"smearing":"DFTK.Smearing.Gaussian()","fft_size":[25,25,216],"n_kirred":10}