{"residual_norms":[0.0002597816565378833,0.0008461041753836174,0.02134802249636605,0.01282530666072789,0.022298085610153263,0.03851953233179552,0.05364491813276965,0.06169738260029781,0.04978453171653468,0.04466297945872455,0.023863963492906197,0.0075234332401204335,0.00029968183283395533,4.236234041632843e-15],"eigenvalues":[0.09753379098811345,0.16573979284938908,0.2633697562798744,0.38238613512064196,0.4613116202173934,0.629715845449094,0.6889917570961961,0.7892142272887577,0.8751951241562902,0.9235140840223335,0.974830115374892,0.9920024141908786,1.1749148145915418,4.319128379445837],"condition_number":44.28340512235614,"optimal_damping":0.453}