{"kgrid":[6,6,1],"mixing":"RestaMixing(0.453, 14, 1.0)","temperature":0.001,"Ecut":20,"lattice":[[7.653390808104204,0.0,0.0],[0.0,7.653390808104204,0.0],[0.0,0.0,68.88051727293781]],"n_electr":60,"n_bands":41,"diag_lattice":[7.653390808104204,7.653390808104204,68.88051727293781],"α":0.453,"energies":[-40.81634651513446,-41.00900755954794,-33.34315372766911,-40.54816444303762,-41.39133761598998,-41.401807001898455,-41.40687938057928,-41.407562633301254,-41.40763127217701,-41.40764391353898,-41.4076769964368,-41.407681999123476,-41.40768395405147,-41.40768555707468,-41.407685902200555,-41.40768615371783,-41.40768640095834,-41.40768645494262,-41.40768657629234,-41.40768658754178,-41.40768661146048,-41.407686615380946,-41.40768661735057,-41.407686617770665,-41.40768661779633,-41.40768661780911,-41.40768661781256,-41.40768661781256],"smearing":"DFTK.Smearing.Gaussian()","fft_size":[25,25,216],"n_kirred":10}