{"kgrid":[6,6,1],"mixing":"HybridMixing(0.5, 1, 1.0, identity, true, false)","temperature":0.001,"Ecut":20,"lattice":[[7.653390808104204,0.0,0.0],[0.0,7.653390808104204,0.0],[0.0,0.0,145.41442535397985]],"n_electr":120,"n_bands":76,"diag_lattice":[7.653390808104204,7.653390808104204,145.41442535397985],"α":0.5,"energies":[-81.69474540080063,-82.4392851112848,-82.78131184111103,-82.79197277304124,-82.8963166941296,-82.90066265125849,-82.9013569651283,-82.90136985893074,-82.90138399830575,-82.90138415245998,-82.90138427258276,-82.90138429025997,-82.90138429349923,-82.90138429357077,-82.90138429357344,-82.90138429357344],"smearing":"DFTK.Smearing.Gaussian()","fft_size":[25,25,450],"n_kirred":10}