{"kgrid":[6,6,1],"mixing":"HybridMixing(1.84, 14, 1.0, identity, true, false)","temperature":0.001,"Ecut":20,"lattice":[[7.653390808104204,0.0,0.0],[0.0,7.653390808104204,0.0],[0.0,0.0,145.41442535397985]],"n_electr":120,"n_bands":76,"diag_lattice":[7.653390808104204,7.653390808104204,145.41442535397985],"α":1.84,"energies":[-81.69466940862375,-82.8545769234041,-82.89891124855218,-82.90078696696925,-82.90119734716883,-82.90131168630879,-82.90136062237472,-82.90137579587379,-82.90138099291839,-82.90138324051419,-82.90138392439633,-82.9013841629429,-82.90138421781401,-82.90138426443959,-82.90138428225194,-82.9013842894205,-82.90138429187499,-82.90138429279438,-82.90138429326633,-82.90138429344529,-82.90138429352291,-82.90138429355922,-82.90138429356058,-82.90138429356058],"smearing":"DFTK.Smearing.Gaussian()","fft_size":[25,25,450],"n_kirred":10}