{"residual_norms":[0.002924972916165931,0.011644586453547216,0.044938734288128154,0.03175818242415545,0.08808686406076642,0.0816084804852599,0.06229209407274333,0.052138078883515515,0.059428007933660675,0.063321506407956,0.06872557356545297,0.06872557356545297,0.034999359731847555,0.034999359731847555,0.039435942593982885,0.021207555179873248,0.008651943792417629],"eigenvalues":[0.09484541395734826,0.12233042210868851,0.17084104418307694,0.25887990180877724,0.33214264202530597,0.3613354502118791,0.4463610473694748,0.5059018001718614,0.6215369607234499,0.6674309565018428,0.7768744467386413,0.7768744467386413,0.8865741073398603,0.8865741073398603,0.9417969031238163,0.9781311868865435,0.9920986988444653],"condition_number":10.460165204093153,"optimal_damping":1.84}