{"kgrid":[6,6,1],"mixing":"HybridMixing(1.24, 1, 1.0, identity, true, false)","temperature":0.001,"Ecut":20,"lattice":[[7.653390808104204,0.0,0.0],[0.0,7.653390808104204,0.0],[0.0,0.0,145.41442535397985]],"n_electr":120,"n_bands":76,"diag_lattice":[7.653390808104204,7.653390808104204,145.41442535397985],"α":1.24,"energies":[-81.69504757340007,-82.86064005078939,-82.90115459380182,-82.90132086196456,-82.90131566711564,-82.90137404331189,-82.90138414611309,-82.90138429185278,-82.90138429344451,-82.90138429355459,-82.90138429356593,-82.90138429357303,-82.90138429357303],"smearing":"DFTK.Smearing.Gaussian()","fft_size":[25,25,450],"n_kirred":10}