{"residual_norms":[0.0004409680015220913,0.00040011856714419384,0.007223161748036887,0.0034020902189039696,0.0034020902189039696,0.0343312206717997,0.030487085935100963,0.047942700634631845,0.02077593745118577,0.02077593745118577,0.025098616742940852,0.0379075714295956,0.03470029819329461,0.04823178019697754,0.05325083605510379,0.049477265503246014,0.04263062666215006,0.04263062666215006,0.03594349360362487,0.03416359634745321,0.02473281405648708,0.018062015023044872,0.004868091470616426,1.2693526802666612e-7,1.6923794568311736e-11],"eigenvalues":[0.3603800654706533,0.3831389692892601,0.4250575149794007,0.4433235219440719,0.4433235219440719,0.46552734425661557,0.5126298063775285,0.5485725861113255,0.5970085628739243,0.5970085628739243,0.6602342428201722,0.6889853902027732,0.746930988471814,0.7868418401430176,0.8118421421749588,0.8397494948745124,0.8913142106083354,0.8913142106083354,0.9405446217307609,0.9483248158331542,0.9757728396832379,0.9869132518655626,0.9993398990396873,1.082273203627588,1.2498822674071364],"condition_number":3.468233643208874,"optimal_damping":1.24}