{"kgrid":[6,6,1],"mixing":"KerkerMixing(1.84, 1.0)","temperature":0.001,"Ecut":20,"lattice":[[7.653390808104204,0.0,0.0],[0.0,7.653390808104204,0.0],[0.0,0.0,145.41442535397985]],"n_electr":120,"n_bands":76,"diag_lattice":[7.653390808104204,7.653390808104204,145.41442535397985],"α":1.84,"energies":[-81.6949519968651,-82.63884113011572,-82.68458165282604,-82.89000352014229,-82.87747690085804,-82.89090239610105,-82.8903777871843,-82.89513830153717,-82.89606284915915,-82.8979015838078,-82.89832030548435,-82.89908192268157,-82.89948960034177,-82.8998295591469,-82.90011718658616,-82.90034286944086,-82.90048098695907,-82.9006322389217,-82.90074291452464,-82.90082230208574,-82.90088346042893,-82.90096101255911,-82.90103426311136,-82.90109931964128,-82.90113383671998,-82.90115199429914,-82.90115905053054,-82.90116529581726,-82.9011774626402,-82.90118915588522,-82.90120059152841,-82.90127570960202,-82.90135403774106,-82.90137789865014,-82.90138131573758,-82.90138176532047,-82.90138377891314,-82.90138377504215,-82.90138377068608,-82.90138376368678,-82.9013838682325,-82.90138393495549,-82.90138394044126,-82.90138403526072,-82.90138408829783,-82.9013841671715,-82.90138423694268,-82.9013842533644,-82.90138428429677,-82.90138429304656,-82.90138429304656],"smearing":"DFTK.Smearing.Gaussian()","fft_size":[25,25,450],"n_kirred":10}