{"residual_norms":[5.817917932043316e-6,2.4986299635073627e-5,5.670372333971437e-5,0.0001143659631401822,0.00030733987436617414,0.0006835044267253692,0.00215883711041541,0.007470578500153995,0.010260424041956422,0.02461025966658402,0.03308920360341775,0.031098983534942077,0.06719398400205595,0.054497165173845764,0.054623610452129864,0.036057207746582276,0.049765448553882666,0.02431832859485131,0.026417986014387138,0.04274072874247366,0.03699299332404725,0.02045589505460095,0.010486893233705361,0.004957745978106534,9.863445301624492e-8],"eigenvalues":[0.003340933589937787,0.019709954618621017,0.05031001480205685,0.09250956215664545,0.14316316604321236,0.19883367279471545,0.2563432488430477,0.31422234938982885,0.36879726106481336,0.4258488245169193,0.47581880118704517,0.5428625965042359,0.5942655757696054,0.6468106366616008,0.6976110597124935,0.7435437142106087,0.7938612682060333,0.8432691635827442,0.8752256667042321,0.9111318664876678,0.9383500306239289,0.9703148547829852,0.9873200891997365,0.9938534399704143,1.08235238612299],"condition_number":323.9670460325268,"optimal_damping":1.84}