{"residual_norms":[0.06576613541357546,0.11038413579648378,0.3668659628161429,0.5901636408252653,0.3500132730677852,0.19452735052550468,0.026165457236209874,0.0015468563604272034,2.0381295829350752e-5,5.48424788678514e-9,9.742379358995592e-14],"eigenvalues":[1.000521095687886,1.037934891955897,1.2819773658474738,3.286853777855786,4.5559038553600075,5.907967600368863,8.712475113339298,11.6839050338369,20.076317046764103,44.51791607360649,170.87037071191656],"condition_number":170.78137727264854,"optimal_damping":0.0116}