{"kgrid":[6,6,1],"mixing":"SimpleMixing(0.0116)","temperature":0.001,"Ecut":20,"lattice":[[7.653390808104204,0.0,0.0],[0.0,7.653390808104204,0.0],[0.0,0.0,145.41442535397985]],"n_electr":120,"n_bands":76,"diag_lattice":[7.653390808104204,7.653390808104204,145.41442535397985],"α":0.0116,"energies":[-81.69476759816588,-81.80179899951779,-81.27048950658705,-81.72194936964995,-79.84178538900767,-80.43263295143824,-77.66803728616462,-82.41495962213486,-82.29193362297616,-81.96947830406131,-82.89086625518453,-82.80816887421655,-82.81950500550728,-82.87090702102506,-82.89531609859144,-82.90038973615715,-82.90019416104184,-82.90085443888943,-82.90037190157689,-82.90085391433807,-82.9013725821944,-82.90134635100611,-82.90136451325195,-82.90137964938286,-82.90137649514975,-82.90138411391113,-82.90138417485721,-82.90138413582606,-82.90138420189527,-82.90138421274251,-82.90138426043787,-82.90138424380272,-82.90138425197247,-82.90138426098098,-82.90138428391121,-82.90138428250626,-82.90138427678542,-82.90138428747849,-82.90138425306446,-82.90138429204356,-82.90138427062192,-82.90138429274396,-82.90138429299746,-82.9013842932224,-82.90138429339413,-82.90138429327848,-82.90138429346621,-82.90138429347465,-82.90138429347465],"smearing":"DFTK.Smearing.Gaussian()","fft_size":[25,25,450],"n_kirred":10}