{"residual_norms":[0.0020501647615094394,0.018107502288208097,0.04200872287854532,0.06134682537660448,0.08397016391261684,0.09222352285348491,0.1070980200799235,0.08343671281406034,0.06086292819598461,0.05467193325373713,0.025515636812923435,0.008699930782893304,7.131227200926229e-7,3.900284235582323e-12,6.569048264640103e-15],"eigenvalues":[0.07739465953829296,0.12626245884567086,0.1927359933918598,0.2995715240129418,0.4219680796185202,0.5329315318982362,0.6471701830157904,0.7429006558141955,0.8582575806098333,0.9258678937157457,0.976454127164855,0.992400439253188,1.5279868610281135,3.3614318500616043,13.041880113801609],"condition_number":168.51137005582163,"optimal_damping":0.152}