{"kgrid":[6,6,1],"mixing":"RestaMixing(0.152, 14, 1.0)","temperature":0.001,"Ecut":20,"lattice":[[7.653390808104204,0.0,0.0],[0.0,7.653390808104204,0.0],[0.0,0.0,145.41442535397985]],"n_electr":120,"n_bands":76,"diag_lattice":[7.653390808104204,7.653390808104204,145.41442535397985],"α":0.152,"energies":[-81.69422580634645,-81.89150868878853,135.53438899533091,-63.84654754342606,-81.09177183151013,-82.555920307037,-82.86456969762965,-82.89088235127004,-82.90020288672729,-82.89955412247171,-82.90104035020555,-82.9010521547248,-82.9013089772728,-82.90134626867804,-82.90136028223166,-82.90136051393169,-82.9013554495207,-82.90137875298389,-82.90137744703615,-82.90138232633119,-82.90138342358564,-82.901382662515,-82.9013837569903,-82.90138385101994,-82.90138366077257,-82.90138408014636,-82.90138382769781,-82.90138420065475,-82.90138422930896,-82.90138422795428,-82.90138425191036,-82.90138426165652,-82.90138427277954,-82.90138427770074,-82.90138427990233,-82.901384282469,-82.90138428816992,-82.90138428971449,-82.90138429005033,-82.90138429149543,-82.90138429187023,-82.90138429212848,-82.90138429259754,-82.90138429241583,-82.90138429289934,-82.90138429309012,-82.90138429319383,-82.90138429320834,-82.90138429343595,-82.90138429350691,-82.90138429350691],"smearing":"DFTK.Smearing.Gaussian()","fft_size":[25,25,450],"n_kirred":10}